desempleado,edad,sexo,educacion,area,fexp
0,49,1,13,0,375.0617832957809
0,29,1,9,0,74.66023344530214
0,35,1,7,1,368.1995484911106
0,24,1,19,0,183.28009030847633
1,41,0,5,1,216.72808434552954
1,29,1,7,1,55.98491222572877
1,27,0,11,1,130.96018467401012
0,31,1,5,1,268.9440494117208
0,58,0,14,1,73.97914476066731
1,22,0,17,0,292.060736298141
0,58,0,11,1,315.31658403763583
1,46,0,1,1,238.3621187026534
1,18,1,2,1,121.20897446937067
0,64,1,5,0,105.81126620374465
1,23,1,2,1,76.22787720752086
0,30,1,16,0,140.58181635601125
0,47,0,7,1,333.96802694676796
1,58,0,16,0,214.76568194593514
1,37,0,2,0,157.18958047489784
1,26,0,2,1,315.77128099287773
0,47,1,10,1,326.84787753233786
1,52,0,14,1,305.79132677604605
0,62,1,16,0,153.90168677531184
1,26,1,12,1,395.04468584374405
0,37,1,3,0,171.21339667831072
1,28,0,1,1,167.75458350754525
0,30,1,0,1,354.94374837762854
1,49,0,2,0,200.32823317743535
0,61,0,16,1,302.35414107437816
0,41,0,9,1,227.81717364858915
1,18,1,12,1,223.4125952862603
1,59,0,8,1,282.4921246610944
0,27,1,19,1,297.0061476636385
1,26,0,17,1,265.84402132537264
0,54,0,8,0,233.25976638357744
0,37,0,8,0,128.66333041330444
0,53,1,16,1,140.59233383448378
0,46,0,6,1,374.5476463306002
1,25,1,15,1,102.80146142790875
1,28,1,1,1,314.7169064296606
0,57,0,5,0,331.22545963830225
0,56,0,0,1,380.9836473461967
1,64,0,6,1,112.9088064142957
0,27,1,2,1,332.0201167385828
1,36,1,10,1,168.6350837711662
1,25,0,1,1,124.32118677533964
0,57,1,11,1,177.68361652209967
1,33,0,1,1,352.01640799559055
0,62,0,2,1,280.89125020849684
1,18,0,6,1,362.73870409582923
0,60,0,1,0,88.86009514934389
0,30,0,12,1,228.39623798788708
0,35,0,15,1,231.13346414369437
0,29,1,5,1,51.092771334198375
0,33,1,4,0,96.38047724726141
0,51,0,14,1,191.91826411670954
0,47,1,0,1,375.3480649964512
0,42,0,3,1,231.11603453449564
1,54,1,5,1,378.9081204291343
0,37,0,8,1,72.08615052629291
0,53,0,10,1,267.1808596698945
1,48,0,11,1,352.1337490474579
0,28,1,16,1,326.8206868898562
0,57,0,7,1,153.5328827056284
1,38,1,18,1,99.56180562123137
0,45,1,14,0,251.29615678031357
0,26,0,18,1,356.7965116098233
1,40,1,17,1,78.90603805862857
0,44,0,10,0,102.88826845782185
0,41,0,7,1,375.9646058217622
1,64,1,0,1,221.55130834171104
1,55,0,0,0,240.6738430485674
0,40,0,16,1,381.7288452407063
0,27,0,19,0,156.92982286715227
0,63,0,4,0,197.66405301587525
1,20,0,14,1,60.63201541249683
0,36,1,17,1,142.67084457826837
0,46,1,2,1,292.44930086822274
0,29,1,15,1,298.2998484202642
1,28,1,4,0,188.93248754316468
0,48,1,14,1,193.1380051988943
1,53,1,11,1,260.0792908180913
1,46,0,0,1,259.2458010247632
1,21,1,1,0,331.3556075078431
1,37,0,0,0,308.1267590712232
1,38,0,15,0,326.91356401442357
0,32,0,18,0,194.63765627920543
1,23,1,19,1,185.86999454922255
0,23,0,18,0,247.53613760410195
0,24,1,6,1,264.8337347365233
1,42,0,1,1,260.9934588196702
1,57,0,13,0,329.28380476982187
0,55,0,10,0,302.4305421323638
0,64,0,13,1,265.19090246200994
1,25,1,9,0,105.09156942757473
0,55,1,1,0,154.08112085041847
0,22,0,14,0,85.15344613483644
0,41,1,0,1,235.40110740355755
0,53,1,14,1,285.55121475200525
1,33,1,5,1,311.6822237113043
1,52,0,2,1,53.37885510768396
0,21,0,18,1,284.48233236443775
0,36,0,0,1,191.4074080669104
1,31,1,14,1,381.1920290675642
0,64,1,15,1,275.365305997285
1,21,1,11,0,305.94274260179634
0,64,1,6,1,344.6047131033021
0,55,1,12,1,319.8132618532015
0,47,0,13,0,363.57446257492376
0,40,1,16,0,252.5951693861373
0,39,0,16,1,389.643435549245
0,39,0,16,1,350.82486248922487
0,35,0,18,0,136.24392907174598
1,41,1,12,0,99.72967305118911
0,61,1,13,0,393.61581067377637
0,48,1,14,1,220.18113075706248
0,54,1,10,0,370.34051666709047
1,25,1,3,1,283.57112315481373
0,38,0,17,0,303.20569768963844
1,45,1,3,1,129.76122672790837
1,29,0,1,1,296.95363994245486
0,23,0,1,1,278.91224029195394
1,40,1,1,1,98.65519084598237
1,43,1,13,1,248.6086539581061
0,36,1,16,1,247.6461407188083
0,31,0,17,0,314.14809133968333
1,56,0,14,1,322.4412539024284
1,21,0,13,0,192.40403796401313
1,32,0,5,1,392.28695997517167
0,41,0,11,1,112.40490112331153
1,31,1,3,1,281.5739572642268
1,42,0,5,1,267.5517431633117
0,38,0,15,1,157.61214813238962
1,18,1,15,1,283.0698745566374
0,47,1,1,0,210.2049641569858
1,29,0,8,0,198.8629257273886
0,58,0,17,1,211.6801708178859
1,45,1,11,0,370.88237130244386
1,63,1,3,1,320.1783794393087
0,51,1,10,0,254.69493350854208
0,42,1,11,1,245.03252887736673
0,54,1,4,0,92.42824936494937
0,56,1,13,1,278.8892829466703
1,27,0,5,1,291.0544140621481
0,21,1,8,0,306.2675716287928
0,61,0,1,1,337.1604465294474
0,19,1,15,1,146.47198470962906
0,33,0,5,0,335.2316028524683
0,22,0,4,0,242.07527574989277
1,22,0,2,0,102.01737709993438
1,54,0,8,0,113.20780710571924
1,36,1,9,1,58.824710960172816
0,32,0,19,1,338.57895565865977
0,46,1,10,1,102.36741982636518
0,35,1,11,1,340.3223908989787
0,41,0,18,1,282.24173393722333
0,64,1,10,1,271.4894448962202
0,34,1,3,1,108.68618164778431
0,24,1,14,0,204.63226446500133
0,25,0,5,0,248.39162139010597
1,38,1,14,0,108.04515522772786
0,28,1,3,1,278.62670291098266
0,60,1,13,0,167.53457420411735
0,50,0,7,1,64.07702767584581
0,61,1,3,1,360.2108148260818
1,57,1,14,1,63.288779907717775
0,63,1,6,0,64.39512664911499
0,41,1,14,0,339.1751467479412
0,40,1,5,0,112.2199693478258
0,39,0,0,0,389.4186138379363
0,44,1,10,1,382.55319991259734
0,30,1,1,0,112.62050288701278
1,20,0,5,0,315.5067975791302
0,58,0,11,1,300.7837847471131
0,35,1,12,1,52.708860107718564
0,19,1,17,0,288.3219656493542
0,43,1,8,0,332.4227555220361
0,20,1,19,1,199.2976894227574
1,34,1,18,1,192.76762321709708
0,20,0,11,1,55.12124686768141
0,42,0,4,1,118.5006325491097
0,33,0,8,0,353.12312147627426
1,47,0,11,1,100.49733984795495
0,24,1,13,0,124.20065225268485
1,46,1,9,1,317.70699288703935
0,60,0,0,0,219.6685242138938
1,40,1,1,1,263.4979685099011
1,38,0,7,1,212.6207451222032
0,43,1,6,1,354.6817802206282
0,51,1,12,1,68.07366174029517
0,64,0,11,1,353.5784816906488
0,25,0,2,0,212.19199347861988
0,26,1,13,1,178.232941191441
0,34,1,12,0,140.93809325141046
1,47,0,7,1,386.9393088958649
0,18,1,19,1,284.89033733826847
0,62,1,6,0,297.6211068638347
1,58,1,4,1,380.48858747915097
1,57,0,2,0,329.07937553616256
0,34,0,4,1,238.56103724123136
0,56,1,17,0,383.85647912527475
1,63,0,8,1,92.76151113867627
0,57,0,16,1,159.97004199416588
0,57,0,15,0,382.2792553079161
1,53,0,9,0,381.85888244499165
0,43,1,8,0,111.17546018731525
1,49,1,13,1,216.63821205200216
0,29,1,0,1,399.2189543337096
0,26,0,16,1,139.37716275910307
0,29,1,17,0,306.1160345359474
1,30,0,4,1,303.8323141976625
1,33,1,11,1,85.46364015197655
1,40,1,0,0,197.44951594021273
0,55,0,1,1,394.1173843809675
0,20,1,13,0,87.72873278998837
0,56,1,3,1,251.99785254795003
0,60,1,6,0,157.70554604877225
1,19,0,17,1,167.24942734005404
1,52,1,17,1,51.15230276576108
1,55,0,17,1,258.4044864508553
0,53,0,15,1,183.67486633402072
0,60,0,18,1,167.840965842417
0,55,0,18,1,353.34837130040967
1,62,0,11,0,63.44233711949616
0,62,1,11,1,112.04779982343467
0,49,0,7,1,361.79164765291966
0,33,0,11,1,175.5416971677796
0,39,1,4,1,333.86444531880994
1,21,0,12,1,55.400577076335985
0,27,0,3,1,351.1091699393626
1,47,0,9,1,277.95219043213666
1,48,0,6,1,378.82905071723167
0,53,1,9,1,176.23710538610817
1,58,1,0,1,274.71546291579244
1,42,0,15,0,321.9929836638996
1,48,0,2,1,185.31058460186267
1,57,1,15,1,372.9820833166112
1,40,0,8,0,83.74242331672191
0,35,0,1,0,169.07174041345218
1,22,1,18,1,339.58721108490226
0,35,0,15,1,125.62194732007121
1,36,0,17,1,282.7828708162373
0,37,1,1,0,119.9452246817645
1,36,0,18,0,368.06073559152736
0,25,1,8,0,379.78307135858176
1,21,0,1,0,77.1423138051563
1,52,1,4,1,362.512470928015
1,30,0,9,0,397.58248558098074
0,48,1,13,1,198.7514569993958
0,38,0,7,1,142.9782878667964
1,23,0,15,0,287.8506177700133
1,27,1,1,0,149.9193428891877
1,52,0,2,0,53.975464219892345
0,23,0,16,1,115.38099329191364
0,43,1,3,1,89.16367167690224
1,32,0,6,1,189.50835285030598
1,46,0,7,1,360.05544293405984
1,28,1,8,0,133.7244619042914
1,29,1,11,1,109.40879740874684
0,51,0,15,0,286.76475066967635
0,27,0,10,1,110.33852928859514
1,61,0,12,0,274.12076312862337
1,38,1,8,1,310.95132732603264
1,36,0,19,1,387.6644522170419
1,48,0,1,0,104.28109923559013
1,21,0,3,1,221.71358759788833
0,64,0,13,1,277.9477492604187
0,47,1,18,1,358.7855033370421
0,45,1,15,1,220.46067914122668
0,35,0,11,1,109.52943475850343
1,25,0,11,1,112.59602488476087
1,43,0,18,1,313.41529271196157
1,64,0,12,1,310.42611278949914
0,48,0,3,1,232.1729644506432
1,56,1,5,1,91.58538876096166
0,39,1,7,1,221.48136379085918
1,47,0,11,1,237.54621922419324
1,24,1,15,0,220.2441838513446
1,24,0,2,0,302.0801236359923
0,29,0,15,1,167.0302918980551
0,51,0,6,1,142.01032776665485
0,62,1,16,1,59.24313597606057
1,52,0,19,0,238.32266763943665
0,57,0,2,0,363.5295684379316
0,50,0,16,1,367.0887029503335
0,41,0,0,1,97.74201333487164
1,32,0,16,1,338.39919048224766
1,39,0,3,0,227.58120916229075
0,44,1,1,1,150.54087935947706
0,32,0,13,0,306.5848099656144
0,38,0,17,1,99.07100837900401
0,19,0,2,0,365.19556058638113
0,24,1,12,1,270.2086250807467
0,43,1,5,1,250.55175085973178
0,63,1,19,0,314.85634755042713
1,50,1,5,1,79.27954704265775
1,50,1,8,1,378.8408955340777
0,49,1,18,1,326.2986590233358
0,59,0,17,1,385.09712530786913
0,60,1,18,0,223.60301706369373
0,33,1,15,1,397.7501117381605
0,41,0,11,0,294.5589868672989
1,40,1,19,0,88.2770318138715
0,64,0,19,0,309.2035651373017
0,48,1,19,1,381.8594073212994
1,64,0,5,1,359.05443440884875
1,57,1,8,1,121.58410927170095
1,25,1,7,0,327.29771914964414
0,42,0,19,0,390.13350098106343
0,59,1,9,1,251.56691547190817
1,54,1,6,1,181.98450862622403
0,49,0,12,0,127.15527605272835
0,34,0,14,1,259.5901134499961
1,41,0,6,0,134.34150430068922
0,40,0,13,1,177.46039841470485
0,50,0,12,1,357.3979406602291
1,21,0,12,1,191.98248944104566
0,30,0,9,0,119.0967643421219
1,25,0,10,1,381.86808067690833
1,27,0,3,1,327.9349474166655
0,41,1,1,0,66.45462403961447
0,49,1,8,1,222.51002666140906
1,57,0,12,0,114.0404651016515
0,57,1,0,1,287.8328554641381
1,18,0,7,1,142.9201340768922
0,42,0,9,0,148.75156504978554
1,30,0,12,0,378.0742809117781
0,47,0,15,1,98.72328219286655
1,37,0,15,1,209.07911401532078
0,49,1,10,0,296.6788191905333
0,22,0,12,1,285.0138522700604
1,23,0,15,1,226.40477126420123
0,63,1,12,0,246.29576989559413
0,25,0,0,1,392.9418127027816
0,58,1,3,1,136.88617583870598
0,27,0,2,1,75.71048411346874
1,40,0,14,0,210.25029739120956
0,32,1,3,1,132.44653598152615
0,51,1,13,1,103.35092515229334
1,56,0,18,1,372.3993010095386
0,43,0,18,1,296.5188122774299
0,58,1,3,0,127.612660404617
0,35,1,9,0,212.8126812212543
0,62,1,5,0,227.68247700420838
0,50,1,9,0,52.197514415978766
1,37,0,6,1,213.21624162777704
1,51,0,16,1,315.1415955840663
0,57,1,6,1,153.7670421776324
0,58,0,2,1,278.37437105221966
0,45,1,4,1,83.61115220113152
0,31,1,11,1,220.14248490027305
0,24,1,12,1,88.38208569998498
0,33,1,15,1,105.95636922558606
1,46,0,2,0,114.57617786858602
1,36,0,9,1,320.1797152454984
1,48,0,13,1,287.2289072400605
1,19,0,4,0,307.2102802757013
1,58,1,12,1,136.92295031290172
0,62,1,5,1,343.79317113328716
0,36,1,15,1,316.6167386510513
0,52,1,16,1,333.44570145150266
0,23,0,4,1,272.81902014758066
0,64,1,14,0,159.96724949639156
1,37,0,11,1,174.52052090683452
0,45,0,11,1,132.84333675152718
1,44,1,13,1,137.6027805878296
0,38,1,1,1,101.58973749837259
0,41,0,2,1,325.67516915806556
1,38,0,17,1,254.59268448481993
1,35,0,4,0,152.76219648827495
0,18,1,3,1,340.74783060095757
0,62,0,7,0,225.26138162050646
1,22,1,0,1,79.37286654535023
1,28,1,9,1,358.1969084837459
0,36,0,13,1,256.4031086901814
0,55,0,5,1,304.04152765940853
0,47,0,6,1,331.4098146994779
1,27,0,19,1,373.6099060223053
1,23,1,5,1,111.03831375398015
0,55,1,12,1,345.4372524785058
0,53,0,13,1,147.28734142254973
0,33,1,14,1,159.62173593526921
0,58,0,10,1,382.05648224104164
0,60,0,2,0,318.7192225482814
1,25,1,0,1,60.41194860626139
1,55,0,2,1,81.10847338024054
0,64,0,13,1,225.12380612567313
1,25,1,1,1,311.36552788268517
0,45,1,1,1,156.59143331506613
0,51,0,19,1,103.78469768305129
0,54,0,10,0,265.4263772109974
0,61,1,3,1,78.77975963940968
0,45,1,17,1,302.4626747200155
1,20,0,16,0,156.88163037051186
0,21,1,6,1,330.5520127622863
1,24,0,1,0,66.30999895220046
0,59,1,15,1,80.72565060748136
1,21,1,17,1,289.5488142288658
0,26,1,12,0,357.3541680870501
1,42,1,5,1,126.69742155386461
1,21,1,5,1,288.5876312053165
1,29,1,0,1,213.22501568594478
1,23,0,7,1,286.50985676240055
0,62,1,1,1,360.0126783780177
0,46,1,8,0,263.59059264621294
0,38,0,18,1,378.2463952235476
1,59,1,7,0,288.59406030132425
0,33,0,15,1,107.90957099750385
1,27,0,17,1,58.664381725792744
1,23,0,19,1,390.59315446698264
1,51,0,11,1,337.55531740699877
1,45,1,9,1,254.37198013229715
1,63,0,6,1,249.11570199369396
0,56,0,4,0,327.81994399469886
0,33,0,2,1,169.73209098954726
0,60,1,18,0,244.90291928114206
1,26,1,4,1,291.121757471402
1,21,0,2,0,280.72286486255683
0,42,1,18,1,182.84370067237086
1,26,0,11,1,168.46740916575544
1,59,0,6,0,161.24887946594384
1,42,1,19,1,240.83138069970875
0,47,0,5,0,108.63353501476476
1,46,1,16,1,273.18839979195104
0,49,1,5,0,59.355899226946676
0,61,1,18,0,173.268176945993
0,23,1,0,0,71.08621730202236
1,60,0,16,1,115.18561058169898
1,20,0,17,1,257.1528907872465
0,36,1,19,0,223.1183306615717
0,20,0,15,0,365.94682613367587
1,42,1,6,0,76.61134244329587
0,32,0,19,1,114.2683487046609
0,32,1,14,0,89.05769008637972
1,64,0,6,0,200.99250298333703
1,32,1,14,0,228.40959183888543
0,45,1,12,0,230.8046732052827
1,22,1,5,1,311.4936873519931
1,39,1,3,1,270.21013768201874
0,56,1,17,1,365.9071087222968
0,60,1,17,1,257.93972855934135
1,48,0,14,1,390.80296236235546
1,42,1,7,1,224.0594022450311
0,33,0,19,0,278.81722370941645
1,19,1,14,1,211.8798946484826
0,47,0,4,1,352.0247437461618
0,64,1,0,0,167.85398250328984
0,55,0,7,1,110.51916975417441
0,41,1,2,0,316.1799439012193
1,20,0,2,1,232.328308455396
1,34,0,16,1,292.1607503969615
0,43,1,12,0,362.18244866973816
1,53,1,8,0,221.86270382673902
0,48,1,12,1,385.9034232433751
1,59,0,4,0,256.25014311778875
0,26,1,18,1,155.84132040757308
0,63,1,10,1,88.59183601083234
0,44,1,7,1,305.99605161019576
1,41,1,11,1,109.94189988419727
1,19,0,11,0,197.2636168548245
1,43,1,8,1,78.98893516385641
1,24,1,6,1,93.72306282562971
0,51,1,14,1,331.0915941815555
1,46,0,5,1,95.82894174328914
0,34,0,11,0,168.90829275059207
0,49,0,14,1,140.23146230562787
1,59,0,19,0,303.6946640091984
0,29,0,17,0,152.054654351039
0,40,1,8,0,315.63789364720157
0,33,0,11,0,312.9922856654965
0,49,0,18,0,78.60153511593236
0,45,1,18,0,184.32427956561398
1,37,1,18,1,358.8344570451313
1,23,0,1,1,202.53753268484977
1,19,1,18,1,64.00848690692438
1,31,0,4,0,298.60680612291173
1,41,1,1,0,378.66566867802004
0,46,1,4,1,128.49286359524234
1,24,1,4,1,305.7186749686298
1,23,1,15,1,368.0067641536072
1,21,0,10,1,358.4807653556835
1,59,1,17,0,368.49958837983786
1,30,1,3,1,320.9705761050161
0,44,0,3,0,303.7112271753211
1,50,0,8,0,389.320467067296
1,41,1,4,1,344.2554221564375
0,28,1,13,0,241.35965101943708
0,53,1,8,0,180.90192183544858
1,58,0,11,1,72.45210052038482
0,51,1,5,1,149.58971795690329
1,18,1,6,0,298.7160527886306
1,49,1,18,1,292.36222933809404
0,21,1,17,1,101.05289366145067
1,42,0,13,1,224.73537516633363
1,56,0,8,1,142.7686247339774
0,47,0,12,0,100.70099552566688
0,49,1,11,1,87.96732639309292
1,42,1,9,1,333.79411307417257
1,27,1,6,0,335.9741479659056
1,49,0,14,1,262.24368628424907
0,31,0,4,0,213.3685145115893
0,53,1,10,1,118.24718095471522
0,62,0,4,1,233.18184655702254
0,20,1,9,0,92.44149750391068
0,35,0,16,0,112.81612651446522
0,40,0,14,1,357.9353027366239
1,48,1,8,1,97.92874558286903
0,54,1,14,1,258.958020080147
0,40,1,16,1,247.72107327886135
0,51,0,16,1,349.5338476909138
0,58,0,19,1,325.07531274396445
0,56,0,16,0,182.3028145528828
1,46,0,8,0,126.0021322673664
0,22,1,19,0,290.9093879744907
1,62,0,4,1,275.02700382113534
0,55,0,1,1,155.13096124348652
1,18,1,10,0,355.445052748531
1,30,0,18,1,215.6688248868526
0,44,0,5,0,293.2306994269914
1,20,1,0,1,221.93329475062026
0,25,1,12,0,372.543852437532
0,55,1,11,1,164.50480669715785
0,62,0,12,1,273.74011989339033
1,30,0,14,1,304.32587787866464
0,52,1,7,0,123.6715202719408
0,21,1,10,0,399.8730345208259
0,50,1,19,0,335.3302370179678
0,45,1,11,0,190.54929765134048
0,61,1,5,0,255.70291172744842
1,25,0,2,1,260.81043623541376
0,60,1,9,1,374.2026785243021
1,20,1,2,1,348.7661760243584
1,27,1,8,1,366.8831753958208
0,23,0,17,1,140.09238315251392
0,44,0,19,1,314.00820738514193
0,20,1,16,1,298.15858777650635
1,40,0,1,0,194.46500666359287
0,45,0,19,0,169.35016546218168
0,64,1,1,1,329.48880173346345
0,32,1,19,1,322.6406401258585
1,28,0,13,1,116.18200259950456
1,21,0,1,1,189.41388880928503
1,48,0,6,1,119.06537528318842
1,54,1,18,1,67.39021985596777
0,59,0,4,1,202.6674367741418
0,36,1,14,1,141.6644179609282
1,55,1,11,1,392.7346186163892
1,63,0,8,1,383.53681559642973
1,36,0,16,1,368.4438339201629
1,20,1,11,1,284.05197982832
0,51,0,16,1,233.34544258553805
0,38,1,18,0,344.7498661987008
1,27,0,1,0,188.95863981508833
0,41,0,13,1,204.38677057999575
1,58,1,10,1,203.87825279258968
0,31,1,4,1,275.5418841752639
1,56,0,8,1,390.7204562938703
0,49,1,9,1,384.9193673102595
1,34,1,2,1,75.80495451980883
1,56,0,10,0,170.33185497156592
1,41,1,0,1,361.9968820053841
1,26,0,15,0,375.575577474818
1,32,0,18,1,286.40846442975004
0,37,1,16,0,294.81553079899356
1,44,0,12,0,188.09255124094673
0,59,1,18,1,87.79098557864654
0,38,0,12,0,77.49030498921874
0,32,1,16,1,193.7145609454106
1,60,1,7,0,54.022919377633166
1,62,0,8,0,95.43432560839945
1,24,1,10,1,131.72062409014615
1,47,0,17,1,371.30726133683515
0,60,0,13,1,111.32322826965975
1,40,0,5,1,65.74196291630547
1,21,1,11,0,203.51430940169138
0,26,1,5,1,367.4494787392251
0,55,0,13,1,67.7574379979886
1,24,0,18,1,244.46429356810089
0,57,1,9,1,389.1555984362935
0,23,1,6,0,52.53027952373536
0,58,1,4,1,324.5692412048422
1,42,0,9,0,198.97017852693097
0,30,0,11,1,316.08379267215264
1,24,0,10,1,134.42870680720384
0,23,0,3,1,64.41016447369734
0,36,1,13,1,331.81850637465647
1,26,1,9,0,138.68652010503706
1,61,0,12,1,348.5680935762717
0,63,0,18,1,71.64576659243761
0,46,0,11,0,328.83155055621154
0,39,1,13,0,265.2109892482749
0,60,1,17,1,123.65563018654761
0,62,1,12,1,192.08663629199162
1,57,0,7,0,247.19637527540434
1,56,1,15,1,132.48408554224082
0,59,1,5,1,292.61356557242874
0,52,1,15,1,250.03753139485113
0,34,1,18,1,65.9810607027465
0,47,0,16,0,342.7458633472361
0,34,0,13,0,164.47894952666815
0,55,1,14,1,294.5389735792468
0,57,1,6,1,196.79895940734812
1,59,1,17,1,315.9720699410947
0,58,0,19,0,155.92549504403507
1,26,1,13,1,51.32088925535243
0,26,0,8,0,376.8261574960717
1,40,0,17,1,178.73095369793253
0,63,1,2,0,55.12037455806341
0,60,0,19,1,325.70866157179273
0,56,0,15,1,58.7936752728729
0,56,1,8,0,261.5892282010948
0,63,0,11,0,67.48796385045137
0,34,0,2,0,85.48716678958428
0,35,0,8,0,320.4927687975994
1,40,1,4,1,123.97530070463259
0,33,0,13,0,287.6120343562726
1,36,0,11,1,244.30371274135123
1,55,0,12,1,280.5863531017461
0,20,0,1,0,121.70788231385147
0,20,0,13,1,292.36237328998243
1,49,1,4,0,279.0417406928178
0,32,1,13,0,309.43554990441464
1,24,0,0,1,181.80144738781354
1,58,0,1,1,160.2422132971845
0,23,1,8,1,371.0358814591257
1,52,1,3,1,322.57867298625956
0,49,0,2,0,210.27639930905892
0,22,0,1,0,303.3639512800394
1,24,1,17,1,262.93359862711657
0,38,1,12,1,362.1872202215598
0,36,1,3,1,237.69456006337685
1,20,0,11,0,131.67854823062947
1,41,1,7,0,339.88692692443857
1,41,0,8,0,145.66873563258503
0,63,1,3,1,60.82123522426658
1,55,0,19,1,360.426605335293
1,18,1,4,1,253.68561311692068
0,24,0,19,1,67.63394364709698
0,57,0,17,1,120.57566070171593
0,47,0,16,0,262.9161766852112
1,51,1,2,1,58.32082199647655
0,36,1,1,1,93.8748423164791
1,18,0,0,0,347.08859931381517
1,19,1,12,1,340.79798698911355
0,28,1,6,0,98.0722798122271
0,40,0,18,1,371.5789985448601
0,20,1,10,0,144.9674846418537
1,56,0,19,1,90.86241244924571
1,30,0,10,0,209.62162025749333
0,51,1,16,1,118.79727330799413
0,33,0,12,1,102.004561563781
0,60,1,5,0,335.8169125791651
0,25,1,4,1,290.36146510550486
0,19,0,13,0,348.8950178477831
1,63,0,5,1,190.67610739980867
1,22,0,18,1,388.3713990944009
1,60,1,11,1,308.6584921611331
0,57,0,3,0,86.77638556477604
1,19,1,17,1,220.65979371047953
1,23,1,10,1,81.05913850851152
1,21,1,19,0,147.20888407155292
0,46,0,9,1,161.75174978176707
1,20,1,19,0,283.01140515060877
0,45,0,0,0,263.01106821637575
0,32,0,11,0,260.81696293389064
0,30,1,14,1,282.9019976496056
1,22,0,4,1,169.40169338255734
1,41,1,2,0,125.05532188786768
0,31,0,6,0,160.76805002800978
1,36,1,15,0,338.4007888922112
1,54,0,0,1,387.14570118231853
0,22,1,12,1,346.2094170065579
0,43,0,12,1,359.02799500138593
0,40,1,8,1,364.1102102367349
0,58,0,12,0,136.55924730667357
1,25,0,7,0,155.62531640887175
0,60,0,9,1,240.80277398280435
0,20,1,0,1,295.12252042538114
0,37,0,8,0,168.49692273213478
1,37,0,2,1,70.8938978077729
1,22,1,17,1,368.94682614893986
0,61,0,14,1,94.17270358856602
1,43,1,1,1,60.95345100079763
1,34,1,16,0,338.8518099552942
0,19,0,5,1,86.19048854626762
1,20,0,12,1,285.9874171753845
1,27,1,17,1,244.77266174905787
0,55,1,2,0,174.89482793408268
1,19,0,11,0,389.3973705231204
1,42,0,18,1,65.42520343489858
0,38,1,7,0,180.15214191490102
1,35,0,10,1,112.53297196589807
0,39,0,11,1,126.28600579427727
0,51,0,14,0,76.36393899699925
0,59,1,13,1,183.4299593949564
0,62,1,11,1,79.84884019416623
1,54,0,17,1,269.92031692519276
0,56,0,11,1,86.13350429815158
1,47,0,6,0,224.35530662825767
1,50,1,2,1,132.647109202246
0,23,1,12,1,261.57881867484105
0,30,0,12,0,297.7474625104759
1,37,1,6,0,341.6061214540073
0,51,1,16,0,388.9907836870302
1,30,1,10,1,65.45383986402787
1,59,0,12,1,338.278896599121
0,39,0,11,1,318.0116050006193
1,38,0,16,1,207.7075148857566
0,31,1,13,1,399.44651060174897
0,53,0,9,0,159.44319747191588
0,22,1,9,0,331.4926243300957
0,37,1,11,0,129.78618935650218
0,59,0,0,1,372.39815484079475
0,57,0,5,1,149.43664902181115
1,29,1,6,1,56.74643096517979
1,64,1,16,0,85.2887431063198
0,57,0,6,0,81.62565521465622
0,46,0,18,1,121.05792405575086
0,52,1,4,1,190.39086456989799
1,55,0,12,1,140.21289371100977
1,29,0,7,0,320.46770604878395
1,64,1,14,1,149.1153148564544
1,29,0,16,0,75.48730010492082
0,37,1,0,0,351.02092225252073
0,43,0,10,0,284.5479243335799
1,50,1,0,0,339.4286052433426
0,58,0,1,1,336.86486731846287
1,55,0,2,1,305.48157402607444
0,45,1,16,1,141.18613331540286
0,48,1,8,0,259.4348302133792
1,46,1,1,0,201.95530829893443
0,40,1,7,0,350.1411165012088
1,28,0,18,1,213.84853601157366
0,35,1,11,0,202.4724931995104
0,23,1,9,1,150.92488976607603
0,39,0,9,0,248.45373172690086
1,22,0,9,1,326.05844828146735
1,23,1,5,1,198.57710456701972
1,47,0,5,1,368.9509759714744
0,59,1,10,1,118.26600056604578
1,56,0,3,0,142.67594485054784
1,40,0,4,1,69.4412074200105
0,63,0,13,1,273.20189188928555
1,64,0,4,1,182.81038731654792
1,28,1,9,1,79.4059200019121
0,19,0,13,1,358.5650337241053
0,31,1,10,1,207.01157993263107
1,26,1,9,1,289.2998773202049
1,44,0,9,1,144.38933855066597
1,34,1,11,1,280.3590511356323
0,18,1,5,1,280.51041756871865
1,35,1,11,1,128.67773768630954
0,38,0,12,1,271.48959091869597
0,20,0,10,1,279.3503627143598
0,38,1,4,0,118.75824142431041
0,56,1,12,0,190.09392619551323
0,48,1,1,1,158.60429412703397
1,44,0,11,0,262.5627503695124
1,42,1,1,0,225.00268340350928
0,39,1,3,1,116.74920830020599
0,56,0,19,1,173.78389311960052
0,28,1,7,1,84.8805666296598
0,50,1,16,0,73.60669883017293
1,37,1,3,0,342.6918343948382
0,31,1,16,1,84.1649222202435
1,23,1,19,1,259.12452021330273
1,24,0,3,1,258.5724617179725
1,45,0,10,0,120.06084067468402
0,46,1,1,1,111.06028146267408
1,24,1,8,1,377.2263839931242
1,59,0,15,1,147.28359254285073
0,51,0,18,1,71.26253358299394
0,25,0,3,0,161.5504026290457
1,41,1,7,1,153.72187096021662
1,44,0,11,1,235.54772630937705
0,32,1,19,0,281.3038566653584
0,39,0,15,0,249.87796833847977
0,57,0,14,1,182.20441527436415
0,33,0,0,1,328.65464584294386
0,18,1,15,1,137.41062895929218
0,59,0,18,1,56.48610644860343
0,20,1,2,1,140.71534410041022
1,40,1,10,1,361.48505239756133
0,37,1,19,1,82.7494470164527
0,57,1,16,0,290.07701869246335
1,31,1,11,1,142.37843666584536
1,23,0,4,0,214.31461448721603
0,62,1,7,0,68.94058471320295
1,33,1,2,0,101.56618965883422
1,29,0,2,1,85.96525634188905
1,24,0,9,0,146.35818588336474
0,54,0,1,0,326.51932564464454
1,30,0,5,0,230.32132692079264
0,31,1,6,0,168.17351632332787
0,47,1,2,1,112.42015477430819
0,39,0,1,1,244.49305633453233
1,64,1,3,0,227.90666966136484
0,61,0,0,0,107.10204018017009
1,46,1,11,0,171.5951380936565
0,38,0,12,1,173.53956069583836
0,24,1,0,0,316.8266543541733
1,32,0,6,0,238.3695107299805
1,37,0,18,0,53.108503025067606
1,33,0,10,1,135.8501675128163
0,61,0,0,0,306.5104388469114
1,51,0,4,1,111.26443392349015
0,51,1,14,1,58.734138173804126
1,29,0,19,1,376.0076086494619
0,58,1,8,1,248.2265199340513
0,62,1,18,1,95.73990582442234
0,61,0,14,1,94.81359290578186
1,47,1,3,0,128.61809198244055
1,21,0,18,1,117.95568334998862
1,57,0,13,1,246.0332929191567
0,64,1,18,0,332.79788775943547
0,31,0,3,0,104.79620757384666
1,56,0,3,1,173.67740042592447
1,21,1,9,1,85.53055433828044
0,50,0,18,0,192.5142004040667
1,64,0,15,0,210.59094573538448
1,26,1,8,1,291.1991788458027
0,27,1,15,1,148.9464888341044
0,31,0,15,1,355.7486021293154
0,33,1,0,1,226.5790658377937
0,23,1,5,1,183.33017011151838
1,51,0,4,0,268.4343680668866
0,47,1,0,1,254.13528716674355
1,33,1,9,1,314.9399549112353
0,43,0,1,1,151.70073050600183
0,54,0,4,1,280.9395091228365
0,61,0,1,1,270.9106629901381
0,64,0,2,1,58.999364495033426
1,48,0,0,1,395.5499101735507
1,22,0,2,1,336.6534963331282
0,62,0,1,0,355.45259279652805
0,23,0,3,0,356.6733753294959
0,59,0,5,0,127.11071859451631
1,59,0,12,1,230.27538678225002
1,32,1,11,1,352.16161697011285
0,21,0,19,0,345.93971511739926
0,18,0,17,0,183.91190557594024
1,41,0,2,1,95.74858326407136
0,34,1,13,1,139.98347459462593
0,60,1,7,0,328.9465057833441
1,38,1,16,1,74.89884187237978
0,42,1,6,1,197.8757207287891
0,58,1,7,0,351.10319673081693
0,43,1,10,1,139.70914490171123
1,58,0,7,1,349.16229549328926
1,28,0,16,0,152.18413000166322
1,32,1,1,0,134.56208418053978
1,64,0,19,1,279.35965577421695
0,51,1,1,1,238.70774111270666
0,19,1,14,1,251.33784024952294
0,26,1,19,1,155.8612050964395
1,32,1,5,0,351.4216428942283
1,55,0,6,1,252.87364161642688
0,46,0,19,0,178.55086845965454
0,34,0,6,1,163.30539889541768
0,35,1,14,1,332.1750758963302
1,45,1,1,1,153.75559639328011
0,51,1,18,1,263.5813723875165
1,32,0,3,1,139.60021163885816
0,39,1,17,0,288.01731624682213
0,43,1,14,1,155.018604606677
1,50,0,10,0,271.20887704133224
0,54,0,11,1,275.85039269148166
1,18,0,1,0,295.9542500866025
1,38,0,10,1,383.3927377295339
1,24,1,10,1,88.03982605298884
0,30,0,2,0,215.8743948651147
0,49,0,16,1,83.74310421431503
0,61,1,5,0,284.90488960863723
1,48,1,0,0,333.6667003178863
0,58,0,19,1,283.87300432037046
0,22,0,9,1,122.32957094439907
1,63,0,6,0,307.6433175236828
1,42,1,2,1,111.79005181765952
0,54,0,10,1,232.610183614761
1,27,0,6,1,204.6787785639259
1,33,0,8,0,95.567065733058
0,28,0,13,1,229.89522591590622
0,48,1,6,1,365.21165396562844
1,24,1,13,0,313.8174775672115
0,60,1,3,1,215.37260483453028
0,44,0,2,0,126.97525487719115
0,51,0,14,0,269.6839161770862
1,64,0,14,0,186.9596154916447
0,18,0,8,0,347.84593439985855
0,40,0,15,0,395.1796577794572
1,47,1,1,1,359.0464422838791
0,49,1,14,1,263.16647496516396
1,40,0,8,1,116.76877933298299
1,44,1,14,1,50.24599728132977
0,21,0,8,1,120.4476987286465
0,27,1,17,0,126.7438677573423
1,47,1,15,1,254.89288689323155
1,60,0,18,1,193.43588478000544
0,19,1,9,1,294.09234248577854
1,33,0,16,1,132.50179474275802
1,61,1,8,1,180.2133936341157
1,56,0,1,1,337.33295766672876
1,19,0,18,0,55.12540051335428
0,28,1,12,0,254.52512957940675
0,40,1,4,1,205.60130650946337
0,52,1,4,1,180.72073228578876
1,29,1,14,1,132.66970435385917
0,50,1,3,1,181.83145801706198
1,21,0,13,0,210.23174063314983
0,61,0,13,1,240.97340292834895
0,49,0,19,1,71.85197390529012
0,48,0,3,1,147.12072235671866
1,57,1,4,0,222.0949208232353
0,34,1,15,1,156.33174097875298
0,34,0,18,1,278.48419842571496
0,48,1,6,1,265.51194235112416
0,43,1,15,0,395.2415366696217
0,60,0,11,0,237.0555456798916
0,28,0,13,0,376.9260274573371
1,40,1,11,1,276.017823841235
1,51,1,6,1,377.3962806919266
1,56,0,10,0,356.61671541929456
1,42,0,3,0,245.27763030950874
0,48,1,15,1,96.00358914803559
0,61,0,11,1,99.08908462584516
0,32,0,1,1,62.89644177889915
0,57,1,9,1,347.58781815180566
1,25,0,3,0,308.69064882603357
1,37,0,14,1,135.40522922472746
1,29,0,5,1,366.797798717437
0,35,0,19,1,164.10550371004737
0,25,0,14,1,258.46208216619345
0,41,1,3,0,153.4131622011533
0,57,0,15,0,327.4385401877601
1,47,1,12,0,287.69980117049056
0,30,0,2,0,258.9467331791901
0,46,0,0,1,157.709628936424
1,38,0,17,0,74.0498453315772
1,58,0,9,0,241.59450846498152
1,64,0,17,1,154.54254325580985
0,40,1,19,1,205.09308706529848
1,24,1,15,0,237.9009618061536
1,28,0,17,1,60.70469181549819
0,62,0,8,0,300.959713346743
1,33,1,16,1,71.1793315238513
1,49,1,11,0,268.63902785816873
0,41,0,14,1,206.11161836082323
1,34,1,7,1,109.3562522455156
0,49,1,15,1,130.1449812825523
0,44,0,11,1,211.47130761151507
1,44,1,13,0,385.6986989225348
1,33,1,6,0,99.5847889789311
0,48,1,8,0,317.52789980067337
1,60,0,4,0,296.60774781351006
1,19,1,10,1,271.8480602921437
0,39,1,4,1,107.08449194975597
1,52,0,12,0,114.54720761655446
0,44,1,14,1,76.89876497509863
1,35,1,2,1,62.68006977794076
0,60,1,18,1,215.1865545772089
0,33,1,9,0,86.91376304540242
1,47,1,6,0,126.78113436397973
1,48,1,8,1,131.7295230817988
1,46,0,3,0,234.2948534146639
0,64,0,2,0,101.64394582865566
1,52,0,5,1,100.6655785725467
0,27,1,9,0,123.39191895423897
0,60,1,13,1,372.8232107183804
1,31,0,19,0,100.88204959099107
0,45,0,7,0,149.04001858388642
1,30,1,15,1,127.04088430171217
0,18,1,17,1,70.00258856590185
1,39,0,1,1,158.0767288541054
1,22,1,14,1,104.5414955315119
0,52,0,13,0,75.28994988030988
0,41,0,10,0,162.7789354583743
0,32,1,8,1,276.0572629612716
0,46,0,12,0,244.24591359151128
0,43,0,5,0,260.63608978633
0,36,0,11,1,161.24131589151114
1,34,0,4,0,307.08037589320514
0,43,1,11,0,234.12414167407223
0,33,0,15,1,362.8506517849394
0,39,0,1,1,355.1385773484072
0,56,1,4,0,152.78555782083816
1,19,0,5,1,265.10439657055247
0,42,0,19,0,256.90195299861807
1,57,0,3,1,390.2502754020989
1,41,1,0,1,277.04395750244566
0,32,1,1,1,268.11112008442944
0,32,1,9,0,223.33172111103318
0,57,1,12,0,221.05956527844123
1,22,0,7,1,376.17359426303756
0,51,0,18,1,133.9786034489477
0,25,1,8,0,152.421302054131
0,59,1,8,0,181.85294753881706
1,20,0,14,1,359.9765624953176
0,64,0,17,1,343.43296943196225
1,20,1,4,1,216.23796675393857
0,63,1,18,1,215.657905590999
0,33,1,5,1,168.03234201615902
1,34,1,18,1,332.6275184277024
1,29,0,14,1,398.6869817211944
1,39,0,1,1,137.23473943640442
1,35,0,13,1,397.836214628169
1,26,1,17,1,287.21056661083196
1,41,0,8,0,171.87858517113273
1,33,1,6,0,189.76024547435367
1,47,0,12,1,72.16453817721487
0,35,1,1,1,331.01536598860076
1,52,0,3,1,131.34419465154485
0,42,1,12,0,361.6084754879389
1,41,0,3,1,374.64898404748834
0,64,1,8,1,337.271818024816
0,43,1,2,1,304.7699260202328
1,18,0,9,1,170.05285307281645
0,44,0,2,0,233.85973112836672
0,43,0,8,0,197.73326993054124
0,41,1,15,1,212.1374404259483
0,36,1,5,1,134.91150978955045
1,50,0,3,0,367.5668602242899
0,63,1,17,1,170.93237707095366
0,49,0,2,1,388.2876828058188
1,28,0,14,0,97.77193250635239
0,30,1,17,1,156.7942600381122
0,40,1,11,1,199.21538025246417
0,34,0,7,0,56.42183528252161
1,53,0,5,1,272.9334420171406
0,54,0,14,1,241.89649830593788
1,31,1,0,1,51.9784101854298
1,44,1,4,0,282.7047870194191
1,25,1,5,1,167.63611701673992
0,38,0,11,1,89.1183049368918
1,39,0,9,0,183.6924954354436
1,62,1,8,0,116.34487230597755
1,31,0,3,1,299.4542907288916
0,26,1,13,0,206.186167703749
1,48,1,1,1,354.14337774697265
0,52,1,7,1,123.61360942201588
1,22,0,7,1,168.3269910749824
0,55,0,16,1,367.27620330958655
0,33,1,19,1,296.20855423937775
0,60,1,1,1,307.3642322151047
0,36,1,1,0,248.07460042498545
1,29,1,12,0,58.407370131777405
0,49,0,8,1,166.38081041023946
0,20,1,0,1,338.0482314899512
0,31,0,15,1,258.9402297074053
0,39,1,16,1,112.14615325072573
0,20,1,19,0,200.74810748618017
1,34,1,10,1,253.4761233706663
1,61,1,7,1,116.7297153359086
0,64,0,9,1,144.41976502047373
0,55,1,0,0,264.65114953971545
0,30,1,10,0,107.00062753983863
0,49,0,13,0,396.00572843306776
1,24,0,0,0,357.0986431538735
1,19,0,14,1,326.5001500337824
0,55,1,11,0,145.69541095696923
0,60,0,18,1,188.1526852179046
1,52,0,10,0,237.3144807452396
0,34,1,1,1,339.06246108671155
0,53,0,5,1,208.88035240887874
0,39,1,18,1,131.74445310110062
0,51,0,9,0,213.90138549837394
0,21,1,2,1,246.3028631343037
1,41,0,16,1,197.72842096182575
0,62,1,1,1,260.29720721622493
0,54,0,12,1,141.25894126945516
1,61,0,13,1,290.9201022002205
1,42,1,10,0,104.0562603817142
0,45,1,11,1,131.75021896374886
1,36,0,3,1,166.65219515874435
0,44,0,14,0,146.34449616622027
0,29,0,2,1,171.50644583108152
0,56,0,7,1,281.7981823673664
1,30,1,6,1,287.40587010891875
0,24,1,10,1,120.12008287701259
1,18,1,9,0,322.60361405052976
1,33,1,8,0,103.75866608899378
0,36,1,10,1,342.5067341388452
1,24,0,15,1,289.88832363754307
1,47,0,6,0,250.06829930937582
1,29,1,11,0,219.3528694269659
0,64,0,17,0,394.90163389614327
1,42,1,10,1,215.4308023134109
0,60,0,12,1,209.32929443041976
1,55,0,12,0,110.20455390881708
1,31,0,6,0,300.44038942350977
1,23,0,7,0,71.42017930610294
0,62,1,12,1,389.86164388622456
0,60,1,14,1,356.63097436814604
0,18,1,0,1,233.91340774802995
1,38,0,4,1,144.46158307799394
0,40,0,0,1,394.41394934185996
0,28,1,11,1,349.6777983456948
1,36,1,2,1,170.4950629370785
0,60,1,13,1,305.10002516997025
1,33,0,3,1,398.3942252235936
0,19,0,5,1,76.09459402484718
0,60,1,4,1,204.30906082512297
1,56,1,6,0,379.1610577245284
0,47,1,17,0,192.57819024627287
0,56,1,13,1,141.736747933731
0,37,0,17,1,66.12745894107701
0,52,0,16,0,254.3872369921117
0,27,0,5,0,60.02556131479683
1,43,0,16,1,399.9973913818939
0,38,0,17,0,104.17437576536746
1,41,1,1,1,342.79985875037414
1,30,0,6,1,55.956964752763085
0,33,0,18,1,399.09735595188914
0,44,0,13,1,167.2295355572802
0,54,1,14,1,389.0630067446503
1,39,1,10,1,215.45564358148047
0,55,0,17,0,52.38135507275137
0,56,1,10,1,381.4824493078955
1,35,0,0,1,319.5397504073967
0,46,0,14,1,313.58655903477984
0,23,1,6,1,146.5534861417041
1,30,0,5,1,118.71485497318213
1,31,0,5,1,125.06738772854828
1,18,1,15,1,52.16355939484808
0,55,1,14,1,97.19584551744097
1,19,1,3,1,333.4396096578876
1,61,1,5,1,302.5808511714215
1,26,0,6,0,170.4455859661202
0,57,0,10,0,63.332677534722606
0,47,1,4,1,114.48494368356604
0,61,1,18,1,353.8202015657212
0,22,1,4,0,106.28458352970392
0,23,0,12,1,315.4376576456046
0,25,1,15,1,138.70237849180705
1,27,0,17,1,304.04620554395234
1,42,0,2,1,212.4785090062786
0,48,1,4,0,137.29112602336795
0,64,1,17,1,274.8020744787857
0,55,0,19,0,104.32408667347636
1,33,1,5,1,176.03840620938257
0,45,1,1,1,369.8118800141171
1,32,1,1,1,193.84181994182043
0,26,0,10,0,354.8708047410454
0,35,0,2,0,228.25508958757274
0,43,1,4,0,272.69590385971287
0,33,1,5,1,153.31745600599385
0,33,0,17,1,121.0675951795385
0,60,0,18,0,258.28279845879183
0,24,1,16,1,289.1425831119593
0,30,1,11,1,265.84942039296084
0,46,1,2,0,388.3873418900259
0,41,1,6,1,340.6585949126774
0,30,1,19,1,202.5526208000972
0,26,0,4,0,58.291892052699446
0,28,0,13,1,91.79851952968055
1,59,0,6,1,101.61522458645588
0,59,1,3,1,219.7252224386283
0,51,1,10,1,163.94898981176308
1,20,0,3,1,396.96778977080993
0,49,1,7,0,132.7891250183585
0,50,1,6,1,230.51816513540032
0,19,1,5,1,324.70481144162716
0,29,1,5,0,335.79704123402917
1,37,0,9,1,356.0257538257922
0,28,0,7,1,295.6052160470478
0,59,1,10,0,309.546368823429
1,25,1,19,1,321.08782000979704
0,45,1,16,1,243.40419973847335
1,47,1,1,0,290.06812212266595
1,34,0,8,1,279.93720897419337
0,51,1,7,1,273.6072174536441
1,24,0,7,1,334.88302334344894
0,49,1,8,1,369.1289159968084
1,31,1,8,1,67.2316839405781
1,24,0,8,0,227.4566535958714
0,45,0,17,0,306.7400912352902
0,50,1,16,1,210.9587532947727
1,29,1,10,1,311.986977819823
0,64,1,15,0,339.2650756598853
0,31,1,14,0,208.2273518617926
1,48,1,4,1,228.89566465953905
0,54,1,2,1,243.68262922566697
1,30,0,3,1,359.5393407183574
0,59,0,8,0,235.9418146916018
1,55,0,1,1,223.2036405020062
0,55,1,18,0,364.74890474631957
1,24,0,5,0,347.62579696617837
0,57,0,10,1,278.9342345141582
1,21,1,2,1,317.4109715951948
1,36,0,7,0,299.1385434860479
0,57,1,19,0,215.6022151663546
1,27,0,11,1,386.43517748880646
0,30,1,15,0,324.6332503094588
0,48,0,4,0,110.34713829112425
0,29,1,3,1,57.16832478427324
0,49,0,8,0,261.0811654180411
0,45,1,13,1,264.05778063509933
0,42,1,1,1,199.48623819581246
1,28,0,10,1,56.933268506326385
1,18,1,7,1,122.20010312422754
1,29,1,1,1,373.56555972382085
0,54,1,12,0,87.58986027385825
0,64,1,14,1,90.09668799561123
0,30,1,8,1,282.76564971905503
0,59,1,3,0,270.9219419129504
0,18,1,4,1,253.99472766144652
0,18,0,3,0,147.66717262394718
0,33,0,7,1,135.0598534469279
0,34,0,0,1,50.7731807207732
1,64,0,2,0,223.9305810105915
0,43,0,1,1,382.680379731218
0,56,1,5,1,160.04504513792517
0,33,1,16,1,74.93358283619753
0,39,1,11,1,211.54492712284446
1,52,1,19,1,77.48203539985303
0,64,1,10,1,134.79355540459767
0,48,0,13,0,71.94697207586734
0,23,0,14,1,383.40173245051835
0,19,0,10,1,118.3975866836275
0,47,0,1,1,99.1873840745337
0,26,1,11,1,160.934233733803
1,19,1,3,1,120.05344780586876
0,60,0,0,0,383.05181905697606
1,47,0,0,1,384.10642742877496
0,52,1,17,1,248.1215462107871
1,49,1,3,1,330.2894889174463
0,59,1,3,1,219.1604254930359
0,32,1,0,1,288.94993622811097
0,42,0,2,0,232.84914163369936
0,51,0,16,1,141.3679778674871
0,43,1,16,1,388.80818433081384
0,41,1,5,1,176.3366542339237
1,27,1,6,0,311.3361858704975
0,32,1,0,1,122.7703601955532
1,42,1,4,1,394.2673152967446
1,19,0,15,0,56.66087657162389
0,50,1,4,1,183.2332991863773
1,53,1,10,1,109.69373436308098
1,34,0,2,1,290.7344994677822
0,21,0,3,0,106.09369791056764
0,39,1,3,0,272.9281275258712
0,58,1,15,1,343.51622598441116
1,28,1,2,1,316.90408448283716
1,36,0,9,0,131.37694613412728
0,40,0,14,1,227.07450130804372
0,56,1,15,1,294.1004032903118
1,50,1,10,1,305.9362132804952
0,21,1,19,1,147.42182994971904
1,34,1,7,0,107.2406646061153
1,35,1,8,1,144.17039506733414
0,56,1,8,1,310.6439596895054
0,63,0,14,0,147.97979505105974
1,34,0,0,1,207.6042517909587
1,25,1,15,0,313.53455475027357
1,39,1,2,0,215.48022497077213
1,33,1,6,1,162.20977374885973
0,26,1,4,1,246.64038364422163
1,23,0,4,0,387.0981754270152
0,44,0,0,1,172.15115693855722
0,45,1,2,1,154.8436133164821
0,63,0,0,1,192.47154466976693
1,29,1,8,1,69.91358316967066
0,36,0,13,1,322.5484749038829
0,19,1,12,1,318.1012562857332
1,41,0,13,0,115.19612402654984
0,41,1,17,1,158.0165614841979
0,34,0,16,0,200.9322168555586
0,49,1,17,1,362.9774669546105
0,25,0,19,1,197.84944555680423
1,18,0,8,0,270.0023616315485
1,59,1,8,1,278.87063213129363
0,41,0,4,1,265.44423521262604
0,18,1,13,1,357.1928264260346
0,51,1,3,0,265.79961913096565
0,42,1,16,0,378.79204973101025
1,55,0,5,1,362.2467177335419
0,45,1,1,1,140.4046078290632
1,33,1,5,1,116.05932567658978
1,59,0,1,1,188.6162792613384
0,45,0,14,1,195.46343608746997
0,21,1,6,0,70.36519313075712
0,33,0,15,0,327.02958770527675
0,41,0,11,0,253.13622178331505
0,41,1,18,1,115.8752900830022
0,53,1,4,1,348.7362044673655
0,49,0,15,0,389.40241751866944
1,26,0,8,0,92.66225475582186
1,49,1,8,1,186.7693813747688
1,35,0,9,1,308.07514730709727
1,41,0,5,1,234.49840802359464
0,22,1,11,0,51.134215439888365
1,53,0,5,1,260.8542275108572
0,60,1,0,0,118.23637766394604
0,30,0,9,1,270.4667050693688
0,47,0,11,0,314.2833917442323
0,28,0,12,1,299.4221197017045
0,54,0,7,1,175.43197933143117
0,57,1,12,0,304.3876212992644
0,53,1,13,1,176.1497310462364
0,51,1,18,0,292.60629732920825
0,41,0,4,1,327.5441039445792
1,25,1,15,1,201.7020741273585
0,43,0,10,0,320.56810539873555
0,42,0,17,1,388.8136685595948
1,22,0,8,0,245.96974675533903
0,30,1,3,0,280.5998496552704
1,40,0,0,1,347.79976957688206
0,33,0,18,1,190.07719661472726
0,42,0,13,1,184.41419077265724
1,43,1,13,1,292.25646435931435
0,28,1,6,1,117.9844509828159
1,28,1,5,0,392.25695910066753
0,28,0,16,1,118.56830328358006
1,59,1,13,1,85.1165177696291
1,32,1,7,1,220.1341511159946
0,48,0,3,0,191.7179912185561
0,47,0,17,1,355.1256275714545
0,20,1,6,1,164.48132475124447
0,64,0,19,1,368.5754278031984
0,49,0,8,1,101.66049639474284
0,25,0,9,1,357.24142814589993
0,51,1,6,1,238.530812366913
0,62,1,17,1,231.7337148557218
0,25,1,14,1,130.84744423973672
1,21,1,15,1,161.86983875186172
1,37,1,16,1,347.73897519519466
0,19,1,13,1,169.36094731034763
1,23,0,4,0,347.0140212174471
1,23,1,15,1,395.40797213651143
0,33,0,14,1,151.31194347388876
1,39,0,0,1,107.08080450087517
1,55,0,8,1,395.7140485916573
0,55,0,8,1,76.89931885590535
0,55,0,18,1,275.1587048001121
0,22,0,12,1,310.8444681371141
0,31,0,3,1,212.9584342754039
0,41,1,10,1,176.79084518155398
1,26,1,14,1,156.10752123938903
0,26,1,16,1,378.4014438348979
1,35,0,0,1,328.1722599151773
0,61,1,19,0,195.48834314226553
1,18,1,4,0,195.7065502142292
0,41,1,19,1,397.1821152743852
1,44,0,2,1,137.35353055158902
0,47,0,13,0,208.06206009929448
0,41,0,18,1,51.11076448423443
1,59,1,3,1,154.72769241991847
1,49,0,6,1,184.12213577919653
0,48,1,10,0,347.60164032126374
0,50,0,4,0,304.27515684627167
1,45,0,8,1,368.2553421229629
1,31,0,16,0,210.9041658784969
1,39,0,19,1,350.5588463636274
1,32,1,18,1,201.56361310197502
1,58,1,16,1,347.39396385932145
1,52,0,11,0,367.37338226448736
0,47,1,15,1,140.653211344054
1,34,0,10,0,265.404906633318
1,33,1,11,1,279.3246389637408
0,30,1,11,1,149.75963179734083
0,47,1,1,1,342.7924705910619
0,37,1,5,0,154.61248684014447
0,51,0,12,1,183.19386814895802
0,20,1,18,0,136.5445644529372
0,43,0,17,1,275.4402113212426
1,45,1,0,1,270.73033384637546
0,19,1,1,1,340.86197685422843
0,31,1,2,1,143.00751612815498
1,28,1,9,0,379.85365106010414
0,32,1,15,1,279.6760037273333
0,46,0,16,1,342.54072448327724
0,44,0,10,0,174.1355374578231
0,26,1,5,1,216.40637194734109
1,35,0,10,0,203.10467445851782
1,30,0,8,1,313.1052898686363
1,37,1,5,1,243.38160529728526
1,29,1,3,1,192.66253641710773
0,53,1,0,1,362.67455570234057
1,53,1,7,1,284.81153160436895
1,37,0,2,0,228.34112731307232
0,18,1,9,1,70.74666193287295
1,42,0,4,1,330.2581267687592
0,60,1,6,0,359.9185694878626
0,61,0,11,1,367.49511719555977
1,41,1,17,0,157.86164361729897
0,32,0,13,0,147.22173298794064
1,45,0,13,1,323.24559606698523
1,62,1,12,1,235.3039688638645
1,45,0,9,0,292.0924538024856
1,39,1,13,1,182.3371528753293
0,61,1,6,0,232.69474708480547
0,60,1,2,0,366.60872761888726
1,21,1,2,1,227.1890117390763
0,28,1,18,0,111.36915774259836
0,46,1,8,1,300.7781893091459
0,39,0,7,0,289.91005635434993
0,30,0,1,1,104.91038733049247
0,34,1,14,1,276.81794609501674
0,30,1,18,1,232.99187263872514
0,40,0,10,0,340.9064991612432
1,38,0,0,0,109.95527784036489
0,62,0,0,1,347.20871138724806
0,48,1,2,0,276.76282484705416
1,53,0,5,0,139.43342095879578
0,48,0,7,0,151.83740889507646
0,53,1,14,1,107.8108084602937
1,50,0,3,0,187.60334686589403
0,54,1,12,0,364.5648151811979
0,35,1,15,0,93.96160589312458
1,26,0,0,0,170.81510642673467
0,46,1,18,1,147.93509189333355
0,29,1,14,0,280.96113730944273
0,43,0,0,1,59.58331822968687
1,52,0,2,1,114.86045700808974
0,58,1,18,1,378.4565963161483
0,47,0,16,1,143.09096415489182
0,61,0,1,1,106.24824207961066
0,47,1,2,0,128.49327139038724
0,29,0,19,0,192.85688244423494
1,55,1,19,0,81.29521798020978
0,52,0,6,0,169.07596747811397
0,18,0,15,1,173.6621545771743
1,30,1,18,1,228.921870998161
1,21,0,16,1,181.59606186522126
0,50,1,19,1,255.4605877836249
0,41,0,8,1,175.5155355873882
1,23,1,13,1,67.59313888694437
0,35,1,6,0,242.40251602671827
1,58,0,10,1,272.6016220321624
1,58,1,4,1,317.2836863893154
1,36,1,5,1,50.83967994251839
1,63,0,2,0,111.16366846306653
0,62,0,12,1,141.85982611094798
1,22,0,11,1,106.99274067007423
0,43,1,3,1,131.54007737819563
0,34,0,12,1,140.4382738912769
0,37,1,4,1,160.82919179939918
0,34,1,2,0,343.08909949360407
0,34,1,3,0,362.53037212158006
1,52,0,18,1,212.01641649772864
1,47,1,16,1,132.99988133220808
0,40,0,5,1,260.75497599334244
0,61,0,1,1,316.9998489090081
0,57,0,16,1,214.0323663310865
1,49,0,1,1,82.00076574264594
1,38,1,3,0,160.44521337633324
0,46,1,0,1,362.7241934656175
1,63,0,11,1,52.12562724559097
1,26,0,18,1,346.78191167321006
1,30,1,1,0,304.6890902913051
0,38,0,3,1,260.4250722225613
0,34,1,19,1,321.7407578856276
0,63,0,7,0,62.52298531743674
0,59,0,0,0,181.52565524179224
0,31,0,8,1,159.8960489139758
0,50,1,2,1,148.48049034446504
0,41,1,9,1,134.91996629195006
0,64,0,3,1,267.5912268541756
1,31,1,10,1,204.0935306629771
1,45,0,1,1,385.16830629455706
0,37,0,16,1,118.20212565170957
1,64,1,12,1,163.98678021933625
0,38,1,10,1,276.937388934306
1,39,0,12,1,169.55725591953373
1,50,0,3,1,167.824647814932
0,42,1,19,0,69.64119930510832
0,19,0,2,0,81.61418255859957
1,53,1,11,1,62.06725593286827
0,23,1,16,1,56.670512405032916
1,28,0,8,1,121.00594122730148
1,44,0,13,1,92.72828253191548
0,60,0,10,1,146.57728982043017
0,60,1,12,1,85.87552211475679
1,30,1,14,1,309.56734756322834
0,38,1,11,1,60.86874106415993
0,25,0,19,0,359.11577107993713
1,47,0,1,0,195.74264316489564
1,46,0,14,1,156.50037455329525
0,22,0,2,1,51.07940948891943
0,41,0,14,0,305.62126492057365
1,59,1,14,1,97.07730729864731
0,22,0,4,1,124.48431133327273
0,59,0,1,0,370.847443151453
1,40,0,6,1,225.41264096963184
0,34,1,10,0,362.8830754408152
1,29,1,0,1,156.57262947926037
0,31,0,13,1,351.1815657260346
0,19,0,4,1,355.4139482293254
0,41,0,6,1,319.046412827439
1,41,0,19,1,257.7113049379408
0,20,0,3,1,176.7574996744459
0,45,1,18,0,252.02825169674662
0,23,0,3,1,231.18076535131826
1,41,1,10,1,129.85126210676185
1,43,0,6,1,227.0253462549116
1,56,0,14,1,271.4109566039173
0,40,1,3,1,189.59703950330322
1,62,1,13,1,145.2473332969663
1,31,0,0,1,243.35916188968534
0,49,0,9,0,255.99809378967464
0,31,1,0,0,381.35167452691445
0,61,1,13,1,176.73168655712945
0,43,0,2,1,53.64513796998837
0,55,1,6,0,74.17014032876838
0,40,0,9,1,57.064844564327124
1,40,0,7,1,333.5020093436022
0,50,0,17,1,91.28244510259063
0,23,0,16,0,354.21161989771133
0,42,1,11,0,338.17231751556164
0,45,0,12,1,317.82983054880816
1,21,0,3,1,194.28461000286143
1,27,0,1,0,378.1668660172994
1,22,1,8,0,324.79372502844393
1,38,1,14,1,370.48201386299104
0,48,1,14,1,254.00175432242537
0,27,0,10,1,312.6364461537208
0,29,1,10,1,176.7595695269606
1,39,1,1,0,172.41099087626608
0,48,0,6,1,324.53262850368145
0,23,1,0,1,169.60150254718474
1,18,0,15,1,171.50539974231668
0,35,1,2,0,350.97771381154035
1,49,0,10,1,289.95008812697375
1,43,0,7,1,238.2152206337252
1,24,1,17,1,215.5506043161735
0,46,1,12,0,275.748661710767
1,23,1,5,1,304.0393273366019
0,49,0,17,1,168.252690508251
1,18,0,11,0,171.51405193115255
1,58,0,13,0,159.9596246107808
1,51,0,10,0,111.33606131676277
1,35,1,5,0,108.67798316968413
1,33,0,17,0,392.7752089512882
0,22,1,18,1,248.75790532029004
1,31,1,3,1,242.3035304281583
0,38,1,10,0,333.86401055277145
0,28,1,5,1,110.77349192102365
0,38,1,13,0,197.85171207659826
0,63,0,19,0,96.25976753985012
1,34,0,9,1,179.3178643058693
0,61,0,3,0,210.47929510072393
0,50,1,14,1,79.78380210608378
0,40,0,10,1,338.7633228921661
0,59,1,8,1,82.95126043711963
1,43,0,2,0,359.7159146105965
0,60,1,1,0,80.11248590397446
1,42,1,15,1,284.60719903953367
1,51,1,12,1,245.6457686410782
0,54,0,3,1,387.533479088907
0,36,0,12,1,346.7713128170932
0,63,0,17,1,286.01608107956594
0,42,1,15,0,168.94842271560378
1,24,1,9,1,52.59215655819881
1,36,1,14,0,346.0161031270975
0,58,1,5,0,144.22525615361332
1,22,0,6,1,307.7162153876
1,47,0,11,1,381.7308537658684
0,61,0,19,1,87.98988103822876
1,56,1,0,0,108.48467589341422
0,51,1,7,1,363.4539551053651
1,22,0,11,1,268.8968724228662
1,52,0,9,1,138.99238663691327
0,47,0,9,0,399.883362766555
0,48,0,16,0,346.96489351126826
1,31,1,0,1,108.80414578228707
1,42,0,4,1,298.1257693325974
0,32,0,4,1,125.0811821551845
1,61,1,7,1,186.92049170532127
0,35,1,6,0,269.3062153981414
0,25,0,10,0,62.07076897767584
1,31,1,12,1,50.06197357006509
0,42,0,16,0,177.06398898527732
1,30,0,0,1,88.69138101777078
0,53,1,18,0,159.67115128082293
0,26,0,5,1,369.37568186367093
1,18,0,1,1,365.7108932766612
0,50,0,12,1,367.7986943285751
1,21,1,3,1,322.5851910557342
0,63,1,2,0,155.07242914664192
1,21,1,8,0,319.324950171004
0,49,1,3,1,224.0557254925168
1,24,0,3,1,164.78088864824875
0,52,0,2,1,182.44185768788142
0,19,0,7,0,238.0059864417374
0,26,1,19,0,350.2851709138027
1,30,1,2,1,277.0332133928474
0,42,0,8,1,74.04550644883179
0,55,0,10,1,196.20771892026272
1,52,1,10,0,74.48751270424098
1,23,1,2,1,290.7367921452077
1,36,1,2,1,145.05573292951394
1,31,0,14,1,214.748044359259
0,21,1,18,0,131.27533691565424
0,34,1,13,0,56.77430448283604
0,21,1,15,1,350.33023027018635
0,41,1,13,1,267.6828737081812
1,40,1,14,1,388.5257609842559
0,56,0,15,1,89.97819694419354
0,26,0,15,1,62.513242775078915
1,49,1,19,0,85.8401347353367
0,64,1,0,1,335.3863296379318
0,34,0,2,1,312.9387841774039
1,60,1,13,1,395.0266395627533
1,20,0,12,1,385.35404684544426
0,41,1,10,1,155.20674955710228
1,58,1,5,0,166.38482693475225
1,23,1,14,1,146.91695646816754
1,63,1,7,1,160.32082503266912
0,45,1,13,1,153.50612985928672
1,64,1,0,1,231.36568907917882
0,45,1,8,1,311.0620251074006
0,59,1,8,0,167.79809046076426
1,45,1,11,0,78.72310437163915
0,33,1,2,1,84.88669602316646
0,25,1,6,1,233.7073867733152
0,51,0,16,0,181.27935396370663
0,20,1,8,1,321.8159585226641
1,51,0,19,1,346.4134655453887
0,21,1,17,1,319.2615699023963
1,21,1,3,1,258.94765453395075
0,24,0,12,0,179.13238295048143
0,22,0,16,1,171.44259687283824
0,20,1,9,0,244.52454608784882
0,23,1,2,1,181.2103302880049
1,30,0,12,1,109.40239029625877
0,57,1,17,1,358.4000372690018
0,60,0,8,0,320.6225401716091
1,26,0,5,1,156.36062347741057
0,19,1,9,1,279.9731728973416
0,38,1,10,1,209.82269673622565
0,55,0,5,0,373.77477250710257
0,35,0,0,1,222.46180646900703
0,59,1,13,1,270.7348350813162
0,32,0,0,1,360.43262801164553
1,40,0,15,1,158.98556762046312
0,52,0,17,1,381.501041879487
1,25,0,19,1,225.44174815005184
1,18,0,17,1,72.22456856335744
0,24,1,6,0,105.18661042106942
1,25,1,7,0,335.59152791038724
0,30,0,10,1,256.28644425335494
0,46,0,15,1,273.5353049137117
0,20,0,0,1,170.46232921479856
1,32,0,13,1,375.8610283503386
1,20,0,11,1,189.68961038220883
0,42,0,13,0,324.4396884430376
0,33,0,3,1,274.71383133911274
1,62,0,0,0,225.7544935413626
1,45,1,10,1,346.6419618767257
1,42,1,9,1,296.11608789425713
0,53,1,12,1,178.29690381998748
0,46,1,5,0,261.2403261216863
1,60,0,7,0,285.16919215588894
1,58,0,8,1,383.79442826507864
0,40,1,7,1,81.0732505906591
1,22,1,4,1,191.6317620056924
0,62,0,3,0,251.30236662201108
1,56,0,18,0,194.38618157881012
0,26,0,13,1,197.52583918769145
0,37,0,7,1,342.61382713362764
1,20,0,2,0,242.69085876328066
0,43,0,15,1,393.5518073944382
1,49,0,5,1,223.36366496372756
1,55,1,6,0,131.75514759329627
0,43,0,19,1,126.66905613538975
1,41,0,17,1,152.66520498539055
0,40,0,0,1,187.00961440915378
1,40,0,3,0,170.58721204518304
0,34,1,11,0,391.17845350225366
1,25,0,16,1,59.42930590827372
1,60,0,18,1,381.1831216340489
1,25,0,1,1,198.84477619814456
0,58,0,10,0,324.1271886790078
0,36,0,11,0,141.66729365775626
0,49,1,19,0,205.7224279033933
1,24,1,9,1,395.22156371020196
0,46,1,11,0,244.872747894095
1,32,0,16,1,180.777074871522
1,21,1,2,1,172.1037408777965
0,62,0,16,0,250.1447925635172
0,22,1,1,0,263.54429843467904
0,55,1,8,1,109.59315946985815
1,51,1,17,1,220.91017174206567
0,32,1,8,1,287.9192027450291
1,47,0,16,0,216.2989320453811
0,63,0,7,1,366.25177171885775
1,35,0,5,0,289.1519620006743
0,36,1,6,1,340.51082381190605
0,32,0,18,0,194.19494531253807
0,47,0,3,1,336.8995299462197
0,46,0,19,1,253.0434205076552
0,35,1,16,0,283.71993906304357
0,38,0,8,0,72.64036043212315
0,44,0,13,1,394.13709268223715
0,62,0,9,1,356.7040222722038
1,22,1,9,1,149.80871704552996
1,56,0,11,0,116.67286848845617
0,63,1,4,1,97.30650364221665
0,30,0,14,1,389.9033602921734
1,47,0,11,1,253.9897904672062
0,38,0,15,0,97.15805190275253
1,31,0,8,0,326.31808103672654
0,60,1,19,0,247.32600662366355
0,41,1,14,1,290.93534837144125
0,56,0,13,1,183.4023657140262
1,30,0,19,1,170.2807289092172
1,34,0,6,0,255.67244506350238
0,49,1,16,0,246.23595565644987
1,45,1,1,0,327.5307003489594
0,44,1,2,0,101.78452045890978
0,28,1,16,1,62.71628035107706
0,42,1,9,1,248.63643427000483
0,54,0,4,0,121.3671358687049
0,21,0,4,1,178.04660836188637
0,48,0,10,1,65.81196757639015
1,24,0,11,1,325.8825590399523
1,38,0,9,1,226.60852881973858
1,46,1,10,1,176.42476520393373
0,24,0,12,0,388.0075243237542
1,20,1,11,0,351.236712016439
1,34,0,19,0,346.07874126233634
0,37,1,6,1,265.15266252056415
1,39,1,17,0,198.83218105144374
0,58,1,17,1,196.15226250503162
1,22,0,6,1,246.6092940602431
0,31,0,6,1,238.66531856238763
1,61,1,13,1,233.69590577954582
0,36,1,2,1,75.72046493940442
1,40,1,5,0,174.04698317189747
0,55,0,0,1,75.99111366798238
0,56,0,3,0,352.4257294818415
1,45,1,16,0,100.34551792344115
0,57,1,18,1,251.44089058789424
0,30,1,18,1,203.36176882978552
1,34,0,18,0,280.73340115139194
0,35,1,5,1,285.55380603211916
1,53,0,4,0,51.10812957642857
0,34,1,17,1,388.04253338314743
1,48,0,18,0,353.8610477851575
1,20,0,16,1,153.72700877614182
1,64,1,14,0,65.67027421166543
0,56,1,11,0,294.21101084364983
1,48,0,18,1,337.4035385866007
1,39,1,8,1,349.67584259312116
0,45,1,3,0,177.9793951410059
0,52,0,9,1,127.88930701686543
1,29,1,12,1,137.3389218749647
0,20,1,11,0,323.6440388016762
0,61,0,0,1,62.48824318589151
1,36,1,4,1,201.3463048999581
1,20,1,1,0,394.7129674701186
0,36,1,0,1,195.05748960474722
1,41,1,2,0,275.49829634809333
0,64,1,15,1,106.40694762356057
1,52,0,15,1,301.691783186669
1,31,1,18,1,91.90584389507035
0,43,0,12,0,269.34344572833106
0,55,0,16,1,184.13464826351543
0,51,1,0,0,242.20130146291777
1,33,0,16,1,267.7890770120917
0,51,1,14,0,214.96218803610645
0,22,1,4,0,102.68374057020128
1,34,1,2,1,273.81347714883503
1,27,0,10,1,87.25744472551935
0,57,0,10,1,85.33143078886096
1,24,1,0,0,87.27884272922071
1,19,1,12,0,341.76860655162386
0,56,1,15,1,247.039423056685
0,39,0,4,0,82.30704780364599
1,33,1,6,1,380.9165092167531
1,37,0,18,0,375.00508806098816
1,27,0,4,1,250.286128428025
0,50,0,9,1,349.6937799557573
0,46,0,13,1,244.1769153689062
0,43,0,17,1,165.4060905613118
0,33,0,4,0,88.68538674178217
0,36,1,3,0,264.07454511055846
0,22,1,10,0,81.22973346839478
0,29,0,12,0,378.7785035819357
0,18,1,0,1,167.17806588866395
0,21,0,14,1,213.0120488832738
0,43,0,4,1,221.28489108565952
1,31,0,5,0,74.27355893992866
0,58,0,14,1,296.6835626200656
1,27,1,0,1,200.6268870817574
0,35,0,7,1,247.72945091761858
0,45,1,7,1,273.73400376830637
0,33,0,2,1,355.4923560699376
0,54,0,3,0,388.0899493780358
1,47,0,18,1,305.2084196811178
1,41,1,4,1,359.734292398073
0,35,0,13,1,52.45371191269925
0,59,1,11,1,374.4534379916646
1,41,0,1,1,308.41499833873723
1,48,0,11,1,266.3394817817664
0,50,1,17,1,348.116609675138
0,29,0,16,1,213.2432771395521
0,51,1,14,0,170.4747752180469
0,47,1,3,1,330.6487947480858
0,34,1,5,1,62.43904567816145
0,22,0,3,1,136.46566535466314
1,63,1,4,0,53.77574699778798
0,61,1,8,1,213.52426764355425
0,37,1,4,1,179.50114019746346
0,39,1,6,1,187.47911305855038
0,45,1,16,1,86.76938410945752
1,31,0,0,1,217.19068184288557
1,39,0,1,1,88.04526442105687
1,57,0,0,1,298.67505998600444
0,64,1,9,1,54.38262047389874
0,58,1,9,1,53.978817470300655
0,55,1,15,0,329.45875329251277
0,49,0,10,1,238.5671016470705
0,61,1,13,1,327.4646702047193
0,35,1,12,1,109.54119790752577
0,61,1,11,1,301.10401229783554
0,45,0,11,1,310.59748988531925
0,31,0,19,1,231.7207030620832
0,64,0,7,1,283.5326024529878
1,21,0,19,0,299.18073651563554
0,53,0,12,0,79.30253037598013
0,44,1,10,1,202.12835506735368
0,22,1,6,1,299.67288431103213
1,61,0,7,1,113.85600318050362
1,37,0,19,1,164.38366824109633
0,62,0,0,1,67.34600871146873
0,35,1,17,1,191.29907729993693
1,45,0,6,0,184.57888115339276
1,31,1,11,0,88.63005787612789
0,52,0,19,0,120.58658271448893
1,38,1,11,1,146.50414819225887
1,27,0,14,0,112.99834253635596
0,62,1,4,0,322.91833792101227
0,48,0,19,1,200.93666035946714
0,58,1,16,1,90.55964079728946
1,42,0,5,0,307.2984387637609
1,46,1,9,0,205.17292967031332
1,64,1,5,1,370.3884488953409
0,44,1,7,1,150.3586795841561
0,44,0,18,0,375.16580881851434
0,26,0,5,1,239.30908699539518
0,57,1,6,1,363.9642573309942
0,63,0,9,0,218.36668857548585
0,41,1,4,1,223.02552608518664
0,55,0,16,1,297.46439818642483
0,58,1,12,0,99.81306081070252
1,28,1,15,0,173.63864771670228
1,29,0,8,1,163.8620466273147
0,38,0,5,0,210.00534065242422
0,41,0,7,0,169.1480424613047
1,24,0,5,0,164.79041455876808
0,54,1,0,0,175.7223627202398
1,57,1,9,1,300.35462318536736
0,42,1,15,0,159.1834009118657
0,36,1,7,1,395.7879594284719
0,55,0,18,1,238.37112226194586
1,42,1,7,1,101.73540823963718
0,34,0,13,1,251.97137066323666
1,42,1,14,1,244.8529002868658
0,43,0,6,0,215.20971068984556
1,23,1,1,1,356.14813878819047
1,21,1,19,1,132.39828080074187
0,52,1,7,0,275.61384813425764
0,32,0,16,1,91.1830671652134
1,48,1,11,1,399.5748919548096
0,59,1,12,1,387.92172949363345
0,54,0,2,1,265.54070357922603
1,34,0,7,0,163.04610282360886
0,25,0,14,0,325.3983967985104
0,38,1,5,0,298.23849879528274
1,45,1,12,0,346.4989140081655
1,57,0,3,1,79.67913690689221
0,38,0,18,1,147.4272359641907
0,63,1,19,0,167.42900925916308
1,37,0,5,0,222.86764464716927
0,32,1,15,1,297.577223073968
1,40,0,15,0,389.91308782797785
0,51,0,12,0,384.58003957349604
1,21,1,0,1,97.10815995119219
1,30,0,14,0,74.55095483981214
1,27,1,0,1,215.6507794483748
1,39,1,13,0,168.87072244449985
1,56,1,15,0,232.50581836348385
0,25,1,17,0,206.10751217821405
1,30,1,0,1,110.79876362472191
1,31,1,6,1,164.9541645322691
0,20,0,13,0,192.03095747783112
1,24,1,7,0,220.96433529482536
1,56,0,13,0,371.70421034483
0,42,1,6,1,305.3095935757673
0,45,1,15,0,145.3826773862482
0,22,1,7,0,183.63984952244576
0,60,1,18,1,302.10707209616646
1,41,0,0,1,137.48742608222324
1,28,0,18,1,265.990606124468
0,59,0,10,1,361.4452095088213
0,35,1,14,1,260.3204027425378
0,25,1,17,0,258.14868141152374
0,42,1,13,1,278.2460094512776
0,35,1,10,1,265.91469930401047
0,61,0,10,1,157.33784463780398
1,43,0,10,1,125.51477696351338
1,25,0,5,1,306.8326384544988
0,59,0,19,0,293.1593309416912
0,34,1,5,1,216.81038257744024
0,60,1,6,1,123.25874504790393
1,29,0,4,0,111.18597036363445
1,43,0,9,1,364.1826289851542
0,39,0,15,1,135.69839310114094
0,28,0,2,0,121.52208515270068
1,24,1,19,0,286.95627503714843
0,43,0,18,1,327.5135688697377
0,63,1,6,1,93.91044505903331
0,38,1,17,0,260.2757152218893
0,63,1,18,0,310.5122286469121
1,43,0,14,1,388.87519207134164
0,22,0,15,1,378.3635085094831
1,42,0,2,1,292.91073318183834
0,57,1,11,0,390.8184446827788
0,64,0,1,0,239.62263455413392
0,29,1,11,0,251.30778717395512
0,31,0,0,1,74.08634707785541
0,55,0,11,1,113.73022998608995
0,61,0,8,0,227.76743694546894
0,34,1,0,1,195.3884149430098
0,36,1,18,1,324.0429051140798
1,18,1,12,1,371.5662489585567
1,36,0,16,0,136.505101910215
1,29,0,0,0,165.82176100814905
1,18,1,5,0,84.59442048645954
0,62,1,7,0,308.1820004536943
1,34,1,13,0,254.1124240547354
0,37,1,3,0,185.4130095477036
1,33,0,5,1,53.54916945955072
1,38,0,1,0,367.797807212089
1,64,0,16,0,264.0298381049441
0,47,1,13,0,91.35465016315217
0,54,0,10,1,260.48963850358774
0,37,0,16,0,233.01267684293452
0,56,0,7,1,165.3440928586889
0,25,0,12,0,127.7624287240914
1,52,1,0,0,348.0947309629881
1,55,0,8,0,393.8344509287786
1,58,0,11,1,275.36731785081304
1,22,0,14,0,345.2107382161137
0,53,0,11,0,121.01699367751782
1,42,1,18,1,262.9971412037945
0,43,1,16,0,297.4488069485117
0,52,1,10,1,274.4145654615195
1,25,0,16,0,150.1092862595497
1,18,1,10,0,289.27587881623435
1,62,0,1,1,169.32320760547148
1,43,0,15,0,375.4966419601637
1,32,0,18,1,145.92566013415558
0,24,0,9,1,342.61501703350393
0,64,0,15,1,81.48616520339368
1,30,0,2,1,371.51875775464333
1,36,1,15,1,193.90589720748196
1,42,1,1,1,116.51233833435239
0,50,0,11,0,107.5946236262373
0,47,0,17,1,147.61827448112507
0,22,1,14,0,285.4761308791127
1,24,0,6,0,279.89047770512536
0,60,1,19,0,360.4737269160591
0,21,0,3,1,162.56908997920237
0,42,1,15,1,308.17402381254624
0,53,0,14,0,136.52813380475078
0,18,0,16,1,277.5784412396132
0,21,0,6,1,225.47167888720293
0,47,0,5,1,209.7100281811415
0,33,0,6,1,398.2988254356892
1,26,0,3,1,125.79179665733207
1,22,0,9,1,379.1207347550036
0,45,0,18,1,225.93479847160143
0,34,1,16,1,130.62088125767016
0,37,0,9,0,390.6324811349446
0,29,0,15,1,75.07585385780115
1,62,0,4,1,264.9953125718897
0,24,0,14,1,318.76021976800183
1,52,1,11,0,259.6903237988415
1,57,0,11,1,284.8957037784371
0,25,1,8,0,173.61361642430086
0,44,0,15,1,308.42226683862265
0,45,1,1,1,233.03781024407027
1,43,1,16,0,51.64723758160518
0,18,1,9,0,365.7892981689003
0,40,0,4,1,151.61210244054217
0,57,1,1,0,188.51080727150466
1,32,0,2,1,311.33452758945475
1,45,0,3,1,105.74896438497845
0,28,1,17,1,260.92737861636385
1,41,0,8,1,118.33279807020264
0,60,1,6,1,163.04914802773015
0,44,0,7,0,203.0858879453395
1,22,1,13,1,239.1853280807707
0,20,0,15,1,218.50667751930243
0,61,0,5,0,368.7678873592076
0,38,1,16,1,92.50521387119393
1,60,0,19,1,219.19567743587137
0,48,1,10,0,344.7464367659449
1,33,1,13,0,394.17431172390377
0,27,0,9,0,278.14651857887526
0,32,1,18,1,59.90690456089479
1,46,0,3,1,397.07956456153704
1,43,1,7,1,297.3973629801091
1,52,0,14,1,76.01943671261606
0,47,1,18,1,231.32878518179103
0,59,0,15,1,224.1745170931323
0,39,0,13,1,287.73132649399315
1,42,0,9,1,80.10112849207697
0,56,0,19,0,136.10802599326007
0,20,1,15,0,341.10496394082685
1,40,0,14,1,388.4327206606748
0,38,0,1,1,136.09223688817394
0,43,1,12,0,334.88116115477146
0,20,1,14,1,157.6043612095564
1,20,1,8,1,282.56724644789085
1,49,0,16,0,230.79184149309694
1,46,0,15,0,243.3543939909405
0,39,0,2,0,61.800163474506334
1,53,0,4,1,238.26015929513707
1,23,0,1,1,194.0062574213058
0,60,0,18,0,305.00265179683606
1,36,0,3,1,341.5389567049302
1,29,0,3,1,201.91791777181
0,40,0,8,1,63.663613312387845
0,59,0,15,1,241.37691672476515
0,52,1,17,0,270.64729419667594
1,26,0,18,1,295.2041198275159
0,27,1,8,1,333.50424513849856
0,49,1,18,0,290.9108286903378
1,50,0,3,1,285.5022405698129
1,64,1,7,1,147.17395222271995
0,58,1,4,0,309.67346524239827
1,22,0,8,0,78.813884588003
0,54,0,8,1,263.77723209805447
0,52,1,3,1,106.67575252724804
0,60,0,15,0,111.09411570090646
0,52,1,18,1,101.22144917143808
1,60,0,14,0,221.36901390169888
1,35,0,2,1,300.62326160893326
0,26,0,12,1,342.65229203296076
0,54,0,15,1,167.95596989251754
0,49,0,6,0,391.7250135101427
0,64,1,4,0,135.92734195201382
0,37,0,10,0,326.5961518652222
1,31,1,0,0,279.8822917399126
0,53,0,8,0,231.7108985135486
1,32,0,10,1,303.85510652951336
0,24,0,10,1,63.91251076262942
0,61,1,11,1,185.0817047787351
1,62,1,11,1,129.03533959411374
1,42,1,14,1,338.45995488860723
0,49,0,7,1,111.1957381761768
1,27,0,19,1,68.01619204690604
0,49,1,13,0,175.2795918163731
0,30,0,18,0,112.80111428568237
0,29,1,17,0,154.84829412801093
0,43,0,11,0,292.20356881934043
0,39,1,2,0,97.43456839015906
1,39,0,19,1,268.84564498083256
0,31,0,4,1,191.41019290204562
1,22,0,12,1,373.89374964007555
0,37,0,5,1,156.59354849531513
0,20,1,16,1,320.5863104720315
1,24,0,4,0,158.254115057452
0,27,1,8,1,73.67757840955306
0,45,0,19,0,307.83141328880714
0,53,0,5,1,274.5911184592814
1,51,0,9,1,278.874874552901
0,60,1,19,1,373.0339477165716
1,51,0,13,1,144.75527012062707
0,47,1,0,1,148.37400793587545
1,57,1,8,1,370.9576571452158
1,18,1,7,0,109.42167311111677
0,59,1,14,0,85.19171129826614
1,19,0,13,1,136.66609310227142
0,63,0,18,0,312.0554102695625
0,35,0,16,0,174.8850805506592
0,25,1,18,1,193.0277358510454
0,61,0,4,1,283.20685519931976
1,19,0,6,1,343.99774930860934
1,41,0,2,0,244.6244576413507
0,58,1,9,1,312.47416587777695
0,34,0,11,0,175.6718944842575
1,44,1,4,1,151.97397794084452
1,55,1,8,1,136.7958679631961
0,52,0,11,1,229.7782998157071
0,21,0,9,0,335.3387911553918
0,31,0,8,1,302.9074485237483
0,38,1,18,0,266.866643116461
0,18,0,17,1,236.92533456316355
1,55,0,4,1,68.32314491817212
0,47,0,11,0,140.17443648858028
1,43,0,9,0,197.48328250696443
1,35,1,14,0,251.42822797410759
0,40,1,19,1,96.48731819858384
0,61,1,6,0,180.8283885002633
0,57,0,2,1,211.55895871450133
1,49,0,7,0,307.41059803063433
0,53,0,16,1,298.3945781802923
1,61,1,7,0,294.6240215119741
1,37,1,5,1,108.38374167876745
0,25,0,8,1,291.94321194124757
1,26,0,19,1,356.4960836226063
0,29,0,3,1,71.82736751945501
0,44,0,2,0,217.34084043687037
0,54,0,14,0,162.4652398854231
1,20,1,8,1,146.7178914748702
0,34,1,8,1,73.0123732309139
1,18,0,16,1,168.82185164246204
0,26,0,10,1,55.33486892759394
0,33,1,5,1,261.7984590128672
0,19,0,5,0,84.296344296655
0,19,1,10,1,336.4220852558749
0,60,1,4,1,293.1843244781004
0,46,0,18,1,349.4267152094489
1,44,0,7,1,53.59378176874397
1,58,1,11,1,51.06229871075658
1,53,0,4,1,88.78987174812073
0,64,0,11,1,228.4481683161946
0,39,0,6,1,92.48981326672438
1,41,1,7,0,220.31457362450612
0,18,0,17,0,352.9166661796353
1,38,1,12,0,237.39462978298732
1,39,1,15,1,226.705886779225
0,61,1,11,1,119.3463637530948
1,55,1,6,1,228.36878535985295
0,43,1,10,1,285.2034319975767
1,50,0,17,1,65.64182140656439
1,20,1,18,1,79.02446747010949
0,20,1,2,1,227.55615103900476
0,59,0,9,1,82.74085740467477
1,20,0,13,0,93.99275555202394
0,18,1,13,1,311.1460245353487
0,44,0,7,1,297.08273420404083
1,44,0,12,0,218.5917037710264
0,24,1,10,1,357.2808921052834
0,61,0,8,1,350.42937853210606
0,56,0,15,1,299.4285803009731
0,43,0,11,1,96.63098849814689
0,48,1,11,1,142.75333902346057
0,38,0,11,0,182.91609343239864
1,38,1,3,1,392.97142119609964
0,64,0,1,1,238.3052444683846
0,38,1,9,1,160.26737386126996
0,27,1,6,0,172.5109698711858
0,25,0,9,1,179.1143282647544
1,20,0,12,1,283.60322472018447
1,57,1,8,1,329.1341432421577
0,54,1,18,1,327.6879581864027
0,56,1,14,1,371.9130569670058
1,35,0,14,1,294.2528994420717
1,19,0,4,1,222.44177751782905
1,23,1,9,1,240.65464091625233
0,25,0,13,0,208.94594798279044
0,63,0,6,0,257.7639796842786
0,36,0,18,0,159.32855830697156
1,27,0,12,1,282.0676625144507
1,47,1,12,1,387.0024181004396
1,23,1,2,1,343.47156768919854
1,45,0,7,1,348.4365239637689
1,54,1,1,1,342.40142660051305
0,45,1,17,1,247.3852396417383
0,60,1,12,1,170.77580800793066
0,32,1,18,1,68.3039922747295
0,39,1,14,1,113.77454545475331
0,33,0,11,0,299.70235140872694
1,51,0,6,1,301.1602444100539
0,59,1,10,1,319.98621360530586
1,28,1,3,1,138.64738390818485
0,50,0,6,1,285.50396064479423
0,43,0,15,0,309.3172061671215
1,46,1,8,1,177.65886377939472
0,64,1,15,1,391.49815797330905
0,27,0,14,0,73.25310844982431
1,52,0,17,0,379.2202300483458
0,55,1,5,1,139.87578640661525
1,25,1,1,1,96.275396059987
0,34,1,10,1,292.59442424516556
1,43,0,3,1,263.1068460351737
1,36,0,19,1,391.6814548840239
0,35,0,16,0,372.3890509886756
0,26,1,11,1,79.12132372448878
1,58,0,5,0,63.88867765839848
0,25,1,6,1,357.6043649773377
1,18,1,0,0,114.67084015699672
0,43,0,4,0,86.94708105552094
0,41,0,17,0,301.18563985247624
1,42,1,11,1,91.4872727426928
1,36,0,8,0,181.93955458757688
1,37,0,6,0,256.1377235673864
1,21,0,4,1,335.0702274640614
0,25,1,3,1,307.55240557129815
0,35,1,8,1,321.00544602016674
0,60,1,11,0,286.2230003644106
1,48,1,2,1,173.93773336012697
1,43,1,1,1,322.7918328444959
0,49,0,19,0,74.56667343416967
1,26,0,19,1,133.71906049512498
0,34,0,19,0,62.74389420732703
1,32,1,6,1,245.81267839901682
0,41,1,3,0,273.505039172286
1,54,0,7,0,302.37017806334524
0,28,1,2,0,286.5406369250437
1,24,1,5,1,217.0655993068196
0,37,0,6,1,367.0607998874783
1,43,1,15,0,130.06356240912214
1,32,0,15,0,122.20323599328697
0,19,0,6,1,348.4552306786289
0,32,1,14,0,64.57479640767497
0,57,0,8,1,78.80653332222815
0,54,0,0,1,284.58541427222656
0,34,1,18,1,319.0273293748098
0,51,0,1,0,339.14769169439666
0,64,0,17,0,172.1881924133687
0,20,0,16,1,358.8102194682127
1,35,1,16,1,394.20213660400555
0,41,0,6,1,360.4516791473569
1,53,0,13,1,386.2883989029355
0,35,0,17,1,102.48218091438163
0,43,1,15,1,147.20306518274523
1,36,0,11,1,287.08945718925963
0,23,0,19,1,255.37698437154287
1,39,1,10,1,334.6079165812984
0,45,0,9,1,297.1280548061003
0,38,1,12,0,269.2727246555643
0,48,0,7,1,141.11624297467517
1,64,1,8,1,177.36009828543112
0,38,0,19,1,306.09124140721735
1,21,1,3,1,355.2018062298583
0,59,1,12,1,190.73604851763082
1,19,1,1,1,122.14164173185462
0,60,1,9,0,195.29091560679726
0,57,0,11,0,388.3363228953234
1,33,0,2,1,68.34937962843753
0,51,1,2,1,232.38838258899486
0,24,1,12,0,371.2605881170178
1,22,0,11,1,263.62561401864286
1,28,0,15,1,216.42521583149707
1,25,1,18,1,220.1316322128547
0,58,0,17,0,357.0380030326091
0,45,0,13,1,353.81059763871474
0,24,1,6,1,113.5520491539407
1,64,1,0,1,125.70480759107421
0,63,0,6,0,58.13548370330776
0,42,1,15,0,112.1199056572199
1,31,1,18,1,120.34198301149092
1,33,0,19,1,253.00377546684018
0,52,1,14,0,136.34721590807962
1,33,0,14,1,52.556331574481526
0,21,0,5,0,93.43595607992903
0,36,0,7,1,198.551867330555
0,52,1,12,0,216.84189967888986
1,50,0,1,1,167.55945226850545
1,39,1,16,1,199.1857906088015
1,35,0,8,1,301.62783222030106
1,61,0,4,1,52.53628412895947
0,33,0,7,0,285.48075307422084
0,64,1,5,1,192.77253854986256
0,28,1,10,0,190.22623421684546
0,41,1,1,1,277.33351630256766
0,60,1,8,1,358.71061134225
0,61,0,9,0,267.0312186814765
0,25,1,7,0,110.42376603635495
1,37,0,1,0,64.77996947622441
0,27,1,7,0,147.2203256964181
0,20,0,12,1,336.31832457300607
0,64,1,1,1,174.9133830971441
1,62,0,1,1,200.0800065805821
1,34,1,10,0,262.3414528294062
1,63,0,0,1,391.8890150777099
0,51,1,7,1,88.04287989082806
0,50,0,15,1,194.6499854152453
1,50,1,19,1,350.9091387095905
0,40,1,7,1,395.52348833175273
0,59,0,11,0,103.04755400446128
1,20,1,18,0,190.54602357024467
1,33,0,14,1,243.06062443723192
0,36,1,17,1,124.12335577154734
0,48,0,15,1,125.0557043200309
1,46,1,5,0,135.90451970549552
1,63,1,17,1,369.7672572635472
1,43,1,12,1,67.13589803531768
0,18,1,4,1,204.07211072091127
1,38,1,10,1,309.79748586778067
1,58,1,10,1,193.35145001669392
0,47,1,19,1,144.55334293354144
1,40,1,2,1,307.4875651828246
0,47,0,11,0,253.45135255907437
1,48,1,19,1,229.66119242581829
0,39,0,11,1,341.7100169265335
1,45,0,1,1,76.79060513667234
1,59,0,5,1,311.4071371715565
1,19,0,5,1,271.4653662283937
1,52,0,0,1,172.14611106782243
1,27,0,1,1,67.42892711244355
0,59,1,6,1,89.91443563671777
1,48,1,8,0,91.92377830956403
1,61,1,6,1,120.71461852426434
0,53,0,19,1,161.5625772815897
1,59,0,3,1,126.68764384211008
1,36,1,12,1,383.4926170705301
0,22,0,16,1,95.42450669758969
0,19,0,7,0,305.2768189726182
0,58,1,10,1,249.40011555271826
0,27,1,19,1,366.1536789697905
0,33,1,2,0,262.1533554332427
0,37,0,2,0,380.1477215235734
1,41,0,16,1,173.57097357959898
1,21,1,9,1,188.6437483497268
1,62,1,0,0,125.54983902628588
0,30,0,16,1,139.7886423218545
0,64,1,15,0,386.5458612991137
0,45,1,4,0,105.48247485827446
1,51,1,14,1,161.22164396026648
0,32,1,18,1,171.21485017772173
1,24,1,5,0,121.71805057775933
0,64,0,12,0,357.1409710574087
0,31,0,17,1,236.9362306694958
0,24,1,18,0,115.97303517094103
1,56,0,10,1,334.288199603306
0,37,0,13,1,383.2417980816032
1,60,1,0,1,305.550193313971
1,38,0,18,1,172.14597459634047
0,32,1,12,0,167.41604539183209
0,39,0,6,0,232.36878154204203
1,43,1,12,0,333.24448529644496
0,40,1,15,1,340.3619696685941
0,42,1,19,0,324.7255470112635
0,41,1,19,1,65.45645615989717
0,36,1,13,0,239.16893924932768
0,63,1,12,1,194.07995679613006
0,27,0,18,1,106.41953842578116
1,34,1,5,0,371.58120190800406
0,60,1,11,1,253.57198456383543
0,20,1,2,1,231.65343522507305
0,41,0,14,1,327.8683928182223
0,18,1,0,0,398.44453644342275
0,23,0,11,1,155.30006066522293
0,43,1,6,1,141.97850448641046
0,35,1,1,1,290.5542652157402
1,43,0,2,0,64.90831057782682
0,46,1,19,0,86.41159690346907
0,19,1,14,1,271.5446834511919
0,62,1,19,1,245.40133441344886
1,43,0,6,1,181.40056119657555
1,42,1,12,1,153.36481316252394
0,55,1,15,1,114.5549891334126
0,61,1,8,1,99.4065885456364
0,25,1,8,1,194.43710607525554
0,58,1,17,1,136.90440489767954
0,62,0,15,1,138.3275926660869
1,35,0,9,1,138.10035854979014
1,63,0,6,0,344.87288655369275
0,57,0,1,1,128.45479281304893
1,62,1,1,1,54.8975682729204
0,59,0,18,1,134.56579568781672
1,18,0,7,1,309.86244787393036
0,62,0,12,1,73.22144615788213
1,19,0,11,0,157.03430857063924
1,62,1,10,1,210.29454764097957
1,61,0,3,1,210.4203106910189
1,27,1,2,1,246.01374416174949
1,38,0,0,1,59.009220677562894
0,58,1,7,1,237.7413143311181
1,53,0,4,1,379.14501724356705
0,19,1,19,1,313.0113005179572
1,25,0,14,1,250.34825809829036
0,49,1,0,0,295.25995309578366
1,59,1,12,0,54.84862722757824
1,47,1,11,1,146.11650914596015
0,41,0,10,1,204.26787045853692
1,36,1,10,1,100.17008304327607
0,32,0,7,1,264.3380500688585
1,24,1,12,1,206.34104472822767
0,25,1,14,1,273.6103205585588
1,36,0,1,1,155.30572531365033
1,30,1,15,1,133.8394839161449
1,60,1,13,0,354.1111273910374
1,19,1,12,0,89.81764531194466
1,48,0,10,1,149.07620604499368
1,48,0,2,0,126.66602556017968
0,63,0,9,1,141.30822845630217
0,58,0,13,0,54.7809034924629
0,48,1,19,0,240.96515413032733
1,21,1,3,1,154.94098375685638
0,35,0,1,1,280.11849571930816
0,26,1,2,0,306.5955166601402
0,47,0,14,0,363.7276521025309
0,30,1,3,1,91.7221317761945
0,53,1,8,1,100.32445814116659
0,58,1,19,1,304.9564620819561
0,50,1,12,0,329.5541354005523
0,50,0,14,1,276.63421268113973
1,54,1,10,1,328.2680438746218
0,43,1,2,1,62.500213443744016
1,46,0,19,0,288.0878251003793
0,37,1,19,1,59.34250444561348
1,28,1,14,1,100.06452191188933
0,45,0,7,1,64.79721216132147
0,52,1,15,1,197.94187291093763
1,39,1,5,1,257.6866731764458
0,42,1,3,0,260.59693807745623
0,52,1,9,1,115.0926611080744
0,49,0,1,0,69.32415268692623
0,34,0,5,0,164.74305838323173
1,48,1,0,1,75.40598601325965
0,29,0,13,1,320.4819812094022
0,53,1,10,0,134.36549621473756
0,45,0,19,1,333.95013872253355
0,60,0,17,1,180.90410003349723
0,33,1,14,0,239.34333219269664
1,22,1,18,0,142.99576918498119
0,62,0,0,1,302.28509873626234
0,49,0,5,0,317.5229402171799
0,51,0,4,1,141.9052859770796
0,40,1,3,0,330.60634976906664
0,50,0,19,1,86.33340975098312
1,21,1,5,1,356.11571070437014
1,40,0,13,1,58.1491759016869
0,19,0,19,1,225.33143163041376
1,41,1,16,0,343.5207145038966
0,34,1,12,0,50.567955543626404
1,49,1,17,0,273.2288550599934
0,64,1,7,0,95.15874594064437
0,61,1,3,1,352.4493016675055
1,20,1,1,1,168.72484074194972
0,63,1,15,1,86.1558243675281
1,31,0,3,1,234.80214629392728
1,50,1,19,0,263.8960572859062
0,57,1,9,0,217.2928582025754
1,22,1,18,1,355.5051432091259
0,50,1,8,1,388.7386296332142
0,22,0,5,0,379.24748990721775
1,36,0,15,1,236.5545928876732
1,33,0,3,1,91.88512624464164
1,59,1,14,1,70.65285267073527
0,58,1,13,0,108.70575943137032
0,48,0,16,1,298.750336848341
0,61,0,7,1,206.07313509694737
1,20,0,7,0,166.2277914919618
0,28,1,15,1,140.2248993478497
1,18,1,10,1,158.09290730552948
0,64,1,7,1,387.7743753085347
0,23,0,9,1,296.45928947115715
0,61,1,10,0,109.39800800278572
0,29,0,11,1,145.09807399579395
1,53,0,15,1,94.20527645530146
0,55,1,4,0,114.1946047737503
0,42,0,5,1,148.74736418685632
0,34,1,11,1,282.7187304593208
0,25,1,3,1,325.2063810476351
0,44,1,14,1,177.4844019758989
1,56,0,12,1,273.0133215843642
1,35,1,5,1,369.62943000411053
1,30,1,3,1,123.50130167266332
1,42,1,11,1,294.1153040906569
0,62,1,15,0,222.04118948184532
1,44,0,6,1,285.18627392780826
1,43,0,10,0,307.1667841767727
1,24,0,2,0,99.38037721871211
0,50,1,11,1,273.2455287953354
1,20,0,8,1,107.24044052225926
0,64,1,7,1,375.0525967194133
0,28,1,16,1,368.8833568982241
0,34,1,8,1,76.94982572377559
0,41,0,10,0,252.3031908107494
0,57,1,14,0,293.24223982462627
0,50,1,17,1,244.44262113789574
1,46,1,8,0,306.8078095349403
1,34,0,9,1,363.3347583054677
0,39,1,13,0,364.2706801056632
1,42,1,1,0,394.2216251437635
0,29,0,1,1,338.4431358749647
1,19,0,15,0,51.92711754613814
1,29,1,8,1,213.00336926051776
0,46,1,17,1,110.96644458782544
0,27,0,16,1,131.03966984616937
0,28,1,6,1,168.3280317668029
1,53,1,0,0,143.97664652623644
0,64,0,12,0,150.31920167158444
1,22,0,19,1,76.59206530513644
1,49,0,17,1,290.8992153721664
0,59,0,7,0,399.76352809827546
1,39,0,13,1,151.02715131449094
0,27,1,16,1,291.08930534724635
0,26,1,11,1,199.18236580587913
0,46,1,0,0,281.06392314833704
0,57,1,5,1,209.8194417785399
0,25,1,14,0,77.58726887722307
0,36,0,7,0,346.6795502029829
0,31,0,11,1,70.97971814205738
1,43,1,1,1,60.5116684656275
0,38,1,1,1,267.32126659245637
0,62,1,5,1,99.27627101863227
1,57,0,0,0,123.24472762428132
0,28,1,16,0,266.19701263763625
1,59,1,10,0,122.96982623514779
0,22,1,14,0,91.95343631902327
0,62,1,13,0,313.37078349334877
0,52,1,6,1,344.25379205500354
0,41,1,11,1,135.92971514002824
1,28,0,2,1,278.4704660116032
0,52,1,2,0,263.96221243186477
1,34,1,16,0,274.7477084301111
1,19,0,4,0,304.10029660690736
0,50,0,10,1,64.55503741094194
1,59,1,7,0,266.68089933395913
0,38,1,7,1,139.3828451868642
0,30,0,14,1,160.94278961961584
0,64,0,8,1,217.23723721418278
0,24,1,0,1,374.32415429987026
1,30,0,2,1,379.8522833598737
0,51,0,9,0,269.596527761159
1,51,0,3,1,122.084169734846
0,52,0,8,1,352.53087788911057
0,51,0,9,0,90.10050638922469
1,28,0,16,1,114.56085995346643
1,45,1,19,0,187.19690346124648
0,40,1,18,1,317.86174119885044
1,36,1,15,0,201.86377779996658
1,36,0,1,1,66.5424850463971
0,59,1,8,1,125.26116632463052
0,54,1,15,1,336.01731343254914
0,27,1,17,1,79.06861461195808
0,36,0,15,1,220.15281795765893
1,28,0,11,1,140.5889392012292
0,43,0,11,1,357.78305615732944
0,47,0,6,1,189.75371935953908
1,53,0,9,1,212.8705650441761
0,19,0,12,1,124.49238502758881
0,48,1,1,1,346.9619472601588
1,51,1,9,0,256.29309504632886
1,23,1,6,0,259.2242781229161
1,30,1,19,1,300.04937717703194
0,60,1,8,0,394.56356202692274
1,42,0,1,0,199.37522793596418
0,34,1,9,1,124.96625139625664
0,19,1,3,1,95.94992250809909
1,22,0,6,1,137.24284016199118
0,46,1,17,1,180.98631861471486
1,57,1,7,0,50.49536255904212
1,45,1,1,1,172.91971407319764
1,33,0,11,0,238.87395169107515
0,54,0,1,1,274.66887642820245
1,42,0,15,1,150.97920794218118
0,44,0,3,0,285.0311225156887
1,46,0,5,0,338.2235940789722
1,59,0,19,1,274.58152826490686
1,58,0,14,0,344.1593913724803
0,50,0,11,1,366.6837860687176
1,22,0,8,1,284.60989818997876
0,22,1,4,1,334.4717341033092
1,24,1,17,1,365.39707734866823
0,39,1,17,0,356.73990205125443
1,41,0,13,1,106.22287110301956
0,56,0,7,1,122.16707182896302
1,23,1,3,1,303.9062705973862
0,23,0,2,0,357.40573165514087
1,60,1,9,1,72.19608322543515
0,41,1,6,0,162.9683191555295
0,54,0,1,1,154.7391633581796
0,40,1,19,0,360.083109871438
0,35,1,13,0,265.8290179627164
0,23,1,12,1,234.4920318410923
0,18,1,15,0,161.6774993772608
0,21,0,11,0,227.91891246093516
0,51,0,8,1,67.13707972876495
1,25,1,0,1,219.61125034866757
0,18,0,14,0,362.7879132932429
0,55,0,9,1,249.2673198294729
1,20,1,3,1,324.98939984668044
1,25,1,7,1,194.1671327805973
0,50,0,19,1,314.0894757230036
1,19,0,4,1,394.71495611625534
0,36,0,17,1,112.63830044716657
1,50,0,17,0,203.603225629563
0,56,1,11,1,124.36905304086919
1,23,1,18,0,110.98235460060027
0,36,0,7,1,149.94124218586887
0,45,0,15,1,205.62222694901632
1,45,0,17,1,68.75675324337479
0,37,0,0,0,348.7972287602721
0,27,0,15,0,135.1523765433614
0,23,0,16,0,169.9588316443386
0,59,1,10,1,195.19631779675643
1,33,0,0,1,85.10079370609756
0,26,1,14,1,345.2184724707124
1,20,0,8,1,125.41053810858756
1,56,1,11,1,117.42795772280223
0,32,1,17,1,160.00103371691375
0,27,1,5,1,63.20024619444522
1,24,1,2,0,383.6230255870949
0,55,0,16,0,293.9188105169842
0,46,0,12,1,172.44407584097794
1,39,1,4,1,342.6378966287202
0,26,0,0,1,385.7684394733327
0,48,0,8,1,136.3390507817213
0,42,0,5,0,55.77785700204551
1,34,1,12,0,392.50574040009855
0,38,0,10,1,175.66677893937245
0,61,0,5,0,313.9667505562458
1,22,1,9,0,327.0651118411448
1,29,0,14,0,368.73051430782425
0,32,0,18,0,394.5432279612239
0,39,0,0,1,380.3309229130129
1,26,0,13,1,224.80597159721597
0,20,0,1,1,96.6179689221634
0,57,0,3,0,155.89150342709058
1,37,1,15,0,293.86960365471475
0,49,0,10,0,201.84732455278314
0,39,1,16,1,322.29788549912405
0,54,1,12,1,140.0444005536263
0,52,0,18,1,187.84476382175552
1,35,1,2,0,270.45687302232915
1,20,0,13,1,129.07624491310605
0,26,1,6,0,83.15851813269913
0,36,1,15,1,194.9341862239562
0,30,0,5,1,118.65984960861007
1,55,1,5,0,156.901577819863
1,35,0,10,0,292.43054663368576
1,29,0,10,1,256.9241720100932
0,20,0,1,1,74.65514222733376
0,63,0,3,1,109.23546035082897
0,40,1,11,1,297.7943252890942
1,62,0,9,1,354.19338662828466
0,60,1,12,1,356.40091799380554
1,22,1,6,1,333.09334712225854
0,53,0,11,1,327.63901731296454
1,37,0,12,1,352.63483457681133
1,31,1,15,1,111.38480295498212
0,55,0,14,0,55.92324800979141
0,38,0,5,1,170.32049009289761
1,53,0,11,1,109.84583684931121
0,63,0,0,0,162.46161573818512
0,42,0,8,1,262.4931798602029
1,26,1,2,0,199.99221936557913
1,53,1,0,0,123.34579041207982
0,43,0,9,0,202.13576204914196
1,60,1,5,0,316.4674620525683
1,21,0,8,1,63.239609525080766
0,56,1,1,1,54.52751523921272
1,22,0,12,0,142.20883433572004
0,26,0,12,0,114.45689248332963
1,47,0,13,1,185.63907540628398
0,53,0,10,1,398.35947215485277
0,18,1,5,1,321.5975097282304
0,33,0,2,1,398.1647128559686
0,45,1,3,0,328.6341225330832
0,19,1,10,1,169.60404370370924
1,18,0,17,0,200.98762784672874
0,28,1,18,1,377.22254648924456
0,30,1,2,1,164.82166068985998
1,41,0,6,0,178.81210475889577
1,55,1,4,1,242.19932036431743
0,58,0,19,1,166.86369789538833
1,41,0,13,0,316.45525624642084
0,23,1,10,1,99.7748683718086
0,24,0,4,1,112.74506315549867
0,21,1,5,1,312.6157335659949
1,30,0,16,0,83.12574529434934
1,30,0,16,1,127.66520421163392
1,59,1,9,0,272.5761453110312
1,45,1,19,1,279.55377189195184
0,18,1,16,1,277.1917263178192
0,38,1,10,1,114.52988304661476
1,19,0,8,0,234.39732669597655
0,64,0,2,1,261.3814850915653
0,30,1,8,1,87.6923578890783
1,28,1,9,1,301.21482167297995
0,50,1,19,0,241.06987954149486
1,64,0,13,0,110.78515471748463
1,35,1,13,1,322.1610681768695
1,57,1,1,1,279.63706174764377
1,19,0,12,1,290.36021799029834
0,36,1,9,0,309.94809164324533
1,55,1,7,1,349.74510201838706
0,24,0,1,1,246.12887310387126
0,56,1,3,1,267.30787138560794
1,51,1,15,1,224.78611625448067
0,60,0,8,1,150.804882459466
1,32,1,14,1,52.428376447038886
0,50,1,1,1,396.8309418082211
0,43,0,8,1,189.5460607359322
0,62,1,18,1,370.1162964078613
0,55,1,9,1,311.88319480414157
0,32,0,9,1,107.05122869904076
1,52,1,5,1,288.24027950221927
0,23,0,11,1,228.9893106554142
0,45,1,4,1,124.14427550601553
0,52,1,10,0,361.21551148208675
1,48,1,2,0,237.20816157556754
1,18,1,15,1,211.53390992357467
1,60,1,5,1,98.66960213189911
0,57,0,5,0,114.76345708662144
1,60,0,18,1,327.59451183471566
1,53,0,10,1,296.0279149636293
0,39,1,4,1,310.0890660060063
0,22,0,13,1,216.2739088725157
0,52,1,18,1,94.13742456520424
0,53,0,5,1,389.10096352867293
0,54,1,13,0,319.76659074005534
1,30,1,7,0,239.45022943414426
0,51,0,3,1,167.65082238509297
0,30,1,11,0,392.35386320220795
1,37,1,7,1,395.4034141745799
1,21,0,19,1,163.24024375540006
0,51,1,8,0,110.16972476072235
1,41,1,18,0,101.86404363123175
1,30,1,5,0,208.04132260771067
0,20,0,19,1,281.2001515183065
1,36,0,16,1,334.79551004734026
1,58,1,10,0,287.2839842096382
0,32,1,7,1,159.01424545791633
0,29,0,12,1,234.56386743636907
1,55,1,17,1,258.82859349664045
0,48,1,17,1,231.64645763526738
0,43,1,18,1,308.52665626728015
1,29,0,16,1,289.8416988996776
0,36,1,17,1,86.80913231418347
1,25,0,13,1,329.59607260250476
0,51,0,15,1,207.52431455596005
1,33,0,7,1,288.4957459511877
0,39,0,19,1,137.54898583757944
1,46,1,6,1,63.31144225927017
0,53,0,9,1,367.09984280567943
1,41,0,13,1,217.89296068693326
0,30,1,8,1,230.7991843118936
1,42,1,1,0,351.8702666546541
0,38,1,13,1,184.77484968339422
1,49,1,17,1,284.61187028818057
0,64,0,9,1,111.49940656246359
1,45,0,0,1,358.32483245247784
0,64,0,15,1,153.7470205897739
1,27,0,14,0,135.9255871038431
0,50,0,11,1,151.15171193024037
0,43,0,3,1,178.14510092477707
0,39,0,17,0,354.9658951790213
0,43,0,2,1,356.0644487108743
0,32,1,19,1,175.25873319663026
0,43,1,3,1,345.3333483712869
1,23,1,10,0,263.1798402634414
0,25,0,14,1,206.12376408686922
1,60,1,11,1,109.77382324420974
0,40,1,3,1,153.43378412906173
1,27,0,5,0,115.50817870705689
1,19,1,0,0,147.80687020535217
1,31,0,14,0,210.52626326617425
1,22,0,11,0,144.4545917731293
0,40,0,1,0,356.6003280219749
0,60,0,13,1,89.6477222373356
0,29,0,8,1,289.34420014698173
1,29,0,18,1,245.98136826259145
0,55,0,3,1,304.9440545778271
0,34,1,12,1,79.71099663363182
0,38,1,16,1,248.14286472477144
1,19,1,2,1,341.3469429264358
0,43,1,3,1,335.938493433626
1,53,1,7,1,373.19479998018505
0,42,0,1,1,340.2908009031335
0,38,1,16,1,397.8091295565693
1,25,0,16,1,143.41074188257346
0,18,1,9,0,129.28178756530087
0,50,1,13,1,224.04111749385726
1,46,0,5,1,84.49568056127669
0,52,1,7,1,266.30068464927365
0,61,1,8,1,343.57547023350855
0,28,0,5,0,389.6185473302715
1,45,1,2,1,394.1980703115386
1,40,0,12,1,73.22335565822833
0,43,0,16,1,246.9511666434955
0,64,0,13,1,286.3777868934435
0,31,0,16,0,160.80423823891462
1,52,1,5,1,237.07885766916036
0,56,1,11,0,126.24529350572672
1,57,1,16,1,115.5378720171396
0,36,1,6,1,371.9246675310341
1,34,0,16,1,183.75463297908016
0,24,1,4,0,257.9689960571241
0,45,1,3,0,102.4638534382562
0,24,1,5,1,358.9868826713607
1,37,1,5,1,79.92486721867374
0,41,0,5,1,262.0574582918811
0,32,0,11,0,289.36571611179977
0,43,0,3,1,107.75881688336872
1,27,0,5,0,174.82779734302028
1,45,1,1,1,152.79495582022486
1,34,0,0,0,386.40765149399573
0,36,1,3,0,329.64444732211695
0,29,1,5,1,292.4427196291104
1,33,1,12,1,337.7127973095952
1,41,1,19,1,161.2483389850511
0,25,1,5,1,382.96562190921463
0,37,0,17,1,232.8164502016767
1,26,0,14,1,287.026561177905
1,60,0,11,1,196.8286779284138
0,48,0,3,1,148.85555906880916
1,32,1,7,1,304.5409576557761
0,39,0,2,0,376.0147156562373
0,36,1,8,1,157.92815424824795
0,43,0,0,0,298.78797253010976
0,25,0,4,1,376.56562671820666
1,56,1,5,1,226.92910628698988
0,18,1,17,1,259.29820225413994
1,55,0,3,0,77.62367770054905
1,63,1,12,1,84.14525216038598
0,18,1,1,0,198.27410511900968
1,50,1,14,1,106.53222220235766
1,39,0,3,1,241.9228743220497
0,47,0,12,0,359.4119638778968
0,29,0,9,0,207.13124063508198
0,29,1,15,0,352.04691071843416
0,33,1,6,0,87.45691631547973
0,18,1,18,0,217.54797936196542
0,61,0,17,1,167.14600652435024
1,57,1,8,1,61.363027381294664
0,63,1,10,0,236.70003598922528
0,40,0,9,0,371.2432041707935
1,18,0,12,1,235.55774384542528
1,40,0,2,1,237.42598073308773
1,43,0,1,1,259.66200838741844
0,21,0,1,0,159.44780792241943
1,31,0,0,1,254.7877431264831
1,52,0,18,1,383.86074743927924
1,53,0,0,1,333.6762690675366
1,59,1,19,1,85.6548450107968
0,52,0,19,1,260.6854133276364
1,50,0,0,1,319.21932886638734
0,43,0,9,1,333.64046951005986
0,21,1,1,1,316.2889333870225
0,28,0,14,1,211.70152355047009
0,35,0,16,1,203.00519654406688
0,29,0,9,1,275.8838628830147
0,55,1,11,1,229.16823583301422
1,34,0,14,0,88.72745970421224
0,57,1,9,1,359.868360029484
0,35,1,4,0,172.6067506699968
0,62,0,4,1,303.56760809221055
1,60,1,5,1,307.2572106311
1,52,1,1,1,163.7137297228176
0,57,0,8,1,68.27886180274567
0,28,1,8,1,320.37317780909876
1,61,1,15,1,96.2958560256885
1,50,0,4,1,257.79653690742794
1,31,0,4,0,163.34829310604601
1,59,1,7,1,94.24501785043805
1,57,0,6,1,97.35333349527392
0,19,1,6,0,70.50560971485346
0,25,1,6,0,65.87970178662201
1,40,1,10,0,56.87898094238516
1,29,0,18,0,275.2615108230593
1,51,1,1,1,229.51856198487212
0,52,1,4,1,116.73448712137929
1,58,1,7,1,388.5609537880736
0,61,0,5,0,186.54591085594026
0,26,1,6,1,280.7311923646841
0,46,1,4,1,180.56721499457478
1,28,0,14,1,231.96278826074587
0,31,1,1,0,343.88751730877306
1,19,1,2,0,158.48867094109414
0,48,0,3,1,137.38513370114566
1,20,0,5,1,67.15630914033582
0,45,0,19,0,197.0678726564743
0,46,1,6,1,217.49693737404775
1,27,0,13,1,150.96059817325406
0,40,1,12,0,383.1042000656006
0,19,0,18,0,64.08186003137004
0,52,0,16,0,399.70885627584937
0,33,0,14,0,147.576117438309
1,44,1,7,1,68.045534723764
0,55,0,4,1,93.24234139659603
0,55,1,3,0,173.51212274432885
0,29,1,6,1,241.60917749929774
0,47,1,11,1,135.78713083948182
1,29,0,8,1,261.20639281883143
0,26,0,19,1,277.3689110251743
0,62,1,8,1,64.05722099309307
1,48,0,6,1,345.5966398319163
0,32,0,12,1,104.64424963388439
1,31,1,15,1,153.8043773308103
1,28,0,3,1,264.88002245550365
1,63,0,11,0,300.33463322551705
0,39,1,10,1,399.28647945869625
0,39,1,12,0,233.13959552497369
0,34,1,3,1,266.7239635846907
1,37,1,10,1,231.94433670940128
1,19,0,3,0,242.8962657364649
0,55,0,6,1,158.48562632573277
1,25,0,6,1,222.98361021924057
0,37,1,19,0,87.42521352619818
0,43,0,0,1,350.24556134466
1,19,0,5,1,199.27154494189529
0,62,1,3,0,221.24007290185935
0,36,1,11,0,262.1931328545614
0,62,0,9,1,337.6488173466187
1,32,0,2,1,211.3053192525913
0,44,1,8,1,391.47400621183857
1,56,1,7,1,377.8965969413134
1,47,0,0,1,274.38485659905206
0,35,1,5,1,331.57929470455116
0,49,1,6,0,219.76666847686968
0,62,0,4,1,304.7919191243494
1,26,0,12,1,182.45294034881096
1,34,0,6,0,187.49355519207342
0,29,1,19,1,74.73051951703964
0,57,0,8,0,254.94218219938435
0,44,0,10,1,67.62923604670564
0,55,1,0,0,363.89107837647424
1,46,0,6,1,251.23676579024817
0,52,1,18,1,395.27983011433844
0,53,0,9,1,214.22257837560633
1,30,0,18,1,167.23008119861123
0,52,1,12,0,81.61104191186364
0,49,1,7,0,154.00514580082336
0,30,0,17,1,216.98837040379374
1,48,0,10,1,77.95686508462228
0,20,0,4,1,124.23369506698734
0,61,0,0,1,316.1549551216999
0,35,1,4,1,113.29695824529261
0,62,1,9,0,183.6663463749167
0,59,1,10,1,343.90992201806563
0,27,0,16,0,317.09564712365955
1,50,1,17,0,236.3075126156975
1,32,0,0,1,149.26321708637792
1,24,0,19,1,256.3962704696373
1,64,1,16,1,338.23147405774154
0,62,1,2,0,197.8274386260963
0,59,1,13,0,176.6379832686558
1,33,0,5,1,93.73453376564626
0,49,1,19,1,201.06989527434592
1,63,1,8,1,140.72264791184784
0,38,1,10,1,223.12119063665713
1,21,0,1,1,79.0804117112954
1,47,0,14,1,210.5098147219633
1,22,0,13,1,143.12082094397744
0,60,0,11,0,223.84875425002633
1,40,0,0,1,332.7906530215757
0,36,0,19,1,77.86682230035089
0,23,1,14,1,186.387367738741
0,35,1,9,0,331.60868988576135
0,63,0,13,1,318.60636525251897
0,22,1,3,0,387.51654524394615
0,37,0,2,1,199.22349723451362
1,62,1,17,0,329.99378900239316
1,25,1,1,1,292.78985352442686
1,64,0,2,1,142.5060202723344
0,24,0,2,0,242.29674300890628
0,64,0,4,1,237.13957662838098
0,60,0,4,1,307.23168472866234
0,56,0,5,0,154.20242109900676
1,26,1,12,0,139.04999777934918
1,59,1,8,0,349.24180581219554
0,58,1,10,1,259.14418767523455
1,19,1,0,0,149.8591679060952
1,30,1,16,1,349.21512833059853
0,58,1,15,1,340.7378267854236
0,60,1,14,1,136.56100849320012
1,31,0,19,1,189.98478589974823
0,31,1,4,1,284.94673079403196
0,48,0,9,1,119.25536671908617
1,27,1,6,1,67.93917498195275
0,42,0,18,1,105.00960312018887
0,64,0,11,1,92.52034130988314
0,56,0,12,1,121.76615857421542
0,40,0,14,1,83.5434237312771
1,39,1,3,1,244.99098004514073
1,54,1,3,1,243.99812787379378
1,49,1,6,0,352.33119096390243
0,40,0,18,0,197.48470007169632
1,43,0,18,1,161.91838464884415
1,18,0,15,0,267.72529760243503
1,64,0,5,0,344.703631218478
1,42,1,0,0,339.5719363788391
1,61,0,16,1,171.93469418311673
0,45,1,12,1,328.71828515627027
0,55,1,14,1,222.63758749822117
0,48,0,7,0,60.119287519030756
0,45,0,1,0,153.94401189162653
0,58,0,1,1,252.89507757731718
0,62,0,3,1,109.02217649076925
0,43,0,13,0,57.29286105282409
0,35,1,13,0,149.68333415571448
1,33,1,0,0,125.75874247581645
0,64,1,18,0,127.19191834306858
1,32,1,6,1,149.99123652144186
0,20,1,19,0,200.46070528489346
0,43,1,11,1,203.8055603815086
0,37,0,7,1,262.96347736673926
1,44,0,0,0,55.89298773651992
0,23,1,8,1,235.43481887466842
0,44,1,18,0,185.47415488708495
0,25,1,6,1,319.4637380285131
0,36,0,1,1,213.792663643181
0,52,0,3,1,239.25497819934867
0,45,1,14,0,95.2954117585336
1,64,1,8,1,107.89966559278639
1,18,0,3,1,61.18503593721853
1,23,0,13,1,147.85671005413315
0,37,0,0,0,371.1165002275894
0,57,0,10,1,73.45330316610739
